name,type1,type2,attack,against_bug,against_dark,against_dragon,against_electric,against_fairy,against_fight,against_fire,against_flying,against_ghost,against_grass,against_ground,against_ice,against_normal,against_poison,against_psychic,against_rock,against_steel,against_water
Bulbasaur,grass,poison,49,1,1,1,0.5,0.5,0.5,2,2,1,0.25,1,2,1,1,2,1,1,0.5
Ivysaur,grass,poison,62,1,1,1,0.5,0.5,0.5,2,2,1,0.25,1,2,1,1,2,1,1,0.5
Venusaur,grass,poison,100,1,1,1,0.5,0.5,0.5,2,2,1,0.25,1,2,1,1,2,1,1,0.5
Charmander,fire,,52,0.5,1,1,1,0.5,1,0.5,1,1,0.5,2,0.5,1,1,1,2,0.5,2
Charmeleon,fire,,64,0.5,1,1,1,0.5,1,0.5,1,1,0.5,2,0.5,1,1,1,2,0.5,2
Charizard,fire,flying,104,0.25,1,1,2,0.5,0.5,0.5,1,1,0.25,0,1,1,1,1,4,0.5,2
Squirtle,water,,48,1,1,1,2,1,1,0.5,1,1,2,1,0.5,1,1,1,1,0.5,0.5
Wartortle,water,,63,1,1,1,2,1,1,0.5,1,1,2,1,0.5,1,1,1,1,0.5,0.5
Blastoise,water,,103,1,1,1,2,1,1,0.5,1,1,2,1,0.5,1,1,1,1,0.5,0.5
Caterpie,bug,,30,1,1,1,1,1,0.5,2,2,1,0.5,0.5,1,1,1,1,2,1,1
Metapod,bug,,20,1,1,1,1,1,0.5,2,2,1,0.5,0.5,1,1,1,1,2,1,1
Butterfree,bug,flying,45,0.5,1,1,2,1,0.25,2,2,1,0.25,0,2,1,1,1,4,1,1
Weedle,bug,poison,35,0.5,1,1,1,0.5,0.25,2,2,1,0.25,1,1,1,0.5,2,2,1,1
Kakuna,bug,poison,25,0.5,1,1,1,0.5,0.25,2,2,1,0.25,1,1,1,0.5,2,2,1,1
Beedrill,bug,poison,150,0.5,1,1,1,0.5,0.25,2,2,1,0.25,1,1,1,0.5,2,2,1,1
Pidgey,normal,flying,45,0.5,1,1,2,1,1,1,1,0,0.5,0,2,1,1,1,2,1,1
Pidgeotto,normal,flying,60,0.5,1,1,2,1,1,1,1,0,0.5,0,2,1,1,1,2,1,1
Pidgeot,normal,flying,80,0.5,1,1,2,1,1,1,1,0,0.5,0,2,1,1,1,2,1,1
Rattata,normal,dark,56,1,1,1,1,1,2,1,1,0,1,1,1,1,1,1,1,1,1
Raticate,normal,dark,71,1,1,1,1,1,2,1,1,0,1,1,1,1,1,1,1,1,1
Spearow,normal,flying,60,0.5,1,1,2,1,1,1,1,0,0.5,0,2,1,1,1,2,1,1
Fearow,normal,flying,90,0.5,1,1,2,1,1,1,1,0,0.5,0,2,1,1,1,2,1,1
Ekans,poison,,60,0.5,1,1,1,0.5,0.5,1,1,1,0.5,2,1,1,0.5,2,1,1,1
Arbok,poison,,95,0.5,1,1,1,0.5,0.5,1,1,1,0.5,2,1,1,0.5,2,1,1,1
Pikachu,electric,,55,1,1,1,0.5,1,1,1,0.5,1,1,2,1,1,1,1,1,0.5,1
Raichu,electric,electric,85,1,1,1,0.5,1,1,1,0.5,1,1,2,1,1,1,1,1,0.5,1
Sandshrew,ground,ice,75,1,1,1,0,1,1,1,1,1,2,1,2,1,0.5,1,0.5,1,2
Sandslash,ground,ice,100,1,1,1,0,1,1,1,1,1,2,1,2,1,0.5,1,0.5,1,2
Nidoran♀,poison,,47,0.5,1,1,1,0.5,0.5,1,1,1,0.5,2,1,1,0.5,2,1,1,1
Nidorina,poison,,62,0.5,1,1,1,0.5,0.5,1,1,1,0.5,2,1,1,0.5,2,1,1,1
Nidoqueen,poison,ground,92,0.5,1,1,0,0.5,0.5,1,1,1,1,2,2,1,0.25,2,0.5,1,2
Nidoran♂,poison,,57,0.5,1,1,1,0.5,0.5,1,1,1,0.5,2,1,1,0.5,2,1,1,1
Nidorino,poison,,72,0.5,1,1,1,0.5,0.5,1,1,1,0.5,2,1,1,0.5,2,1,1,1
Nidoking,poison,ground,102,0.5,1,1,0,0.5,0.5,1,1,1,1,2,2,1,0.25,2,0.5,1,2
Clefairy,fairy,,45,0.5,0.5,0,1,1,0.5,1,1,1,1,1,1,1,2,1,1,2,1
Clefable,fairy,,70,0.5,0.5,0,1,1,0.5,1,1,1,1,1,1,1,2,1,1,2,1
Vulpix,fire,ice,41,0.5,1,1,1,0.5,1,0.5,1,1,0.5,2,0.5,1,1,1,2,0.5,2
Ninetales,fire,ice,67,0.5,1,1,1,0.5,1,0.5,1,1,0.5,2,0.5,1,1,1,2,0.5,2
Jigglypuff,normal,fairy,45,0.5,0.5,0,1,1,1,1,1,0,1,1,1,1,2,1,1,2,1
Wigglytuff,normal,fairy,70,0.5,0.5,0,1,1,1,1,1,0,1,1,1,1,2,1,1,2,1
Zubat,poison,flying,45,0.25,1,1,2,0.5,0.25,1,1,1,0.25,0,2,1,0.5,2,2,1,1
Golbat,poison,flying,80,0.25,1,1,2,0.5,0.25,1,1,1,0.25,0,2,1,0.5,2,2,1,1
Oddish,grass,poison,50,1,1,1,0.5,0.5,0.5,2,2,1,0.25,1,2,1,1,2,1,1,0.5
Gloom,grass,poison,65,1,1,1,0.5,0.5,0.5,2,2,1,0.25,1,2,1,1,2,1,1,0.5
Vileplume,grass,poison,80,1,1,1,0.5,0.5,0.5,2,2,1,0.25,1,2,1,1,2,1,1,0.5
Paras,bug,grass,70,2,1,1,0.5,1,0.5,4,4,1,0.25,0.25,2,1,2,1,2,1,0.5
Parasect,bug,grass,95,2,1,1,0.5,1,0.5,4,4,1,0.25,0.25,2,1,2,1,2,1,0.5
Venonat,bug,poison,55,0.5,1,1,1,0.5,0.25,2,2,1,0.25,1,1,1,0.5,2,2,1,1
Venomoth,bug,poison,65,0.5,1,1,1,0.5,0.25,2,2,1,0.25,1,1,1,0.5,2,2,1,1
Diglett,ground,ground,55,1,1,1,0,1,1,1,1,1,2,1,2,1,0.5,1,0.5,1,2
Dugtrio,ground,ground,100,1,1,1,0,1,1,1,1,1,2,1,2,1,0.5,1,0.5,1,2
Meowth,normal,dark,35,1,1,1,1,1,2,1,1,0,1,1,1,1,1,1,1,1,1
Persian,normal,dark,60,1,1,1,1,1,2,1,1,0,1,1,1,1,1,1,1,1,1
Psyduck,water,,52,1,1,1,2,1,1,0.5,1,1,2,1,0.5,1,1,1,1,0.5,0.5
Golduck,water,,82,1,1,1,2,1,1,0.5,1,1,2,1,0.5,1,1,1,1,0.5,0.5
Mankey,fighting,,80,0.5,0.5,1,1,2,1,1,2,1,1,1,1,1,1,2,0.5,1,1
Primeape,fighting,,105,0.5,0.5,1,1,2,1,1,2,1,1,1,1,1,1,2,0.5,1,1
Growlithe,fire,,70,0.5,1,1,1,0.5,1,0.5,1,1,0.5,2,0.5,1,1,1,2,0.5,2
Arcanine,fire,,110,0.5,1,1,1,0.5,1,0.5,1,1,0.5,2,0.5,1,1,1,2,0.5,2
Poliwag,water,,50,1,1,1,2,1,1,0.5,1,1,2,1,0.5,1,1,1,1,0.5,0.5
Poliwhirl,water,,65,1,1,1,2,1,1,0.5,1,1,2,1,0.5,1,1,1,1,0.5,0.5
Poliwrath,water,fighting,95,0.5,0.5,1,2,2,1,0.5,2,1,2,1,0.5,1,1,2,0.5,0.5,0.5
Abra,psychic,,20,2,2,1,1,1,0.5,1,1,2,1,1,1,1,1,0.5,1,1,1
Kadabra,psychic,,35,2,2,1,1,1,0.5,1,1,2,1,1,1,1,1,0.5,1,1,1
Alakazam,psychic,,50,2,2,1,1,1,0.5,1,1,2,1,1,1,1,1,0.5,1,1,1
Machop,fighting,,80,0.5,0.5,1,1,2,1,1,2,1,1,1,1,1,1,2,0.5,1,1
Machoke,fighting,,100,0.5,0.5,1,1,2,1,1,2,1,1,1,1,1,1,2,0.5,1,1
Machamp,fighting,,130,0.5,0.5,1,1,2,1,1,2,1,1,1,1,1,1,2,0.5,1,1
Bellsprout,grass,poison,75,1,1,1,0.5,0.5,0.5,2,2,1,0.25,1,2,1,1,2,1,1,0.5
Weepinbell,grass,poison,90,1,1,1,0.5,0.5,0.5,2,2,1,0.25,1,2,1,1,2,1,1,0.5
Victreebel,grass,poison,105,1,1,1,0.5,0.5,0.5,2,2,1,0.25,1,2,1,1,2,1,1,0.5
Tentacool,water,poison,40,0.5,1,1,2,0.5,0.5,0.5,1,1,1,2,0.5,1,0.5,2,1,0.5,0.5
Tentacruel,water,poison,70,0.5,1,1,2,0.5,0.5,0.5,1,1,1,2,0.5,1,0.5,2,1,0.5,0.5
Geodude,rock,ground,80,1,1,1,0,1,2,0.5,0.5,1,4,2,2,0.5,0.25,1,0.5,2,4
Graveler,rock,ground,95,1,1,1,0,1,2,0.5,0.5,1,4,2,2,0.5,0.25,1,0.5,2,4
Golem,rock,ground,120,1,1,1,0,1,2,0.5,0.5,1,4,2,2,0.5,0.25,1,0.5,2,4
Ponyta,fire,,85,0.5,1,1,1,0.5,1,0.5,1,1,0.5,2,0.5,1,1,1,2,0.5,2
Rapidash,fire,,100,0.5,1,1,1,0.5,1,0.5,1,1,0.5,2,0.5,1,1,1,2,0.5,2
Slowpoke,water,psychic,65,2,2,1,2,1,0.5,0.5,1,2,2,1,0.5,1,1,0.5,1,0.5,0.5
Slowbro,water,psychic,75,2,2,1,2,1,0.5,0.5,1,2,2,1,0.5,1,1,0.5,1,0.5,0.5
Magnemite,electric,steel,35,0.5,1,0.5,0.5,0.5,2,2,0.25,1,0.5,4,0.5,0.5,0,0.5,0.5,0.25,1
Magneton,electric,steel,60,0.5,1,0.5,0.5,0.5,2,2,0.25,1,0.5,4,0.5,0.5,0,0.5,0.5,0.25,1
Farfetch'd,normal,flying,90,0.5,1,1,2,1,1,1,1,0,0.5,0,2,1,1,1,2,1,1
Doduo,normal,flying,85,0.5,1,1,2,1,1,1,1,0,0.5,0,2,1,1,1,2,1,1
Dodrio,normal,flying,110,0.5,1,1,2,1,1,1,1,0,0.5,0,2,1,1,1,2,1,1
Seel,water,,45,1,1,1,2,1,1,0.5,1,1,2,1,0.5,1,1,1,1,0.5,0.5
Dewgong,water,ice,70,1,1,1,2,1,2,1,1,1,2,1,0.25,1,1,1,2,1,0.5
Grimer,poison,poison,80,0.5,1,1,1,0.5,0.5,1,1,1,0.5,2,1,1,0.5,2,1,1,1
Muk,poison,poison,105,0.5,1,1,1,0.5,0.5,1,1,1,0.5,2,1,1,0.5,2,1,1,1
Shellder,water,,65,1,1,1,2,1,1,0.5,1,1,2,1,0.5,1,1,1,1,0.5,0.5
Cloyster,water,ice,95,1,1,1,2,1,2,1,1,1,2,1,0.25,1,1,1,2,1,0.5
Gastly,ghost,poison,35,0.25,2,1,1,0.5,0,1,1,2,0.5,2,1,0,0.25,2,1,1,1
Haunter,ghost,poison,50,0.25,2,1,1,0.5,0,1,1,2,0.5,2,1,0,0.25,2,1,1,1
Gengar,ghost,poison,65,0.25,2,1,1,0.5,0,1,1,2,0.5,2,1,0,0.25,2,1,1,1
Onix,rock,ground,45,1,1,1,0,1,2,0.5,0.5,1,4,2,2,0.5,0.25,1,0.5,2,4
Drowzee,psychic,,48,2,2,1,1,1,0.5,1,1,2,1,1,1,1,1,0.5,1,1,1
Hypno,psychic,,73,2,2,1,1,1,0.5,1,1,2,1,1,1,1,1,0.5,1,1,1
Krabby,water,,105,1,1,1,2,1,1,0.5,1,1,2,1,0.5,1,1,1,1,0.5,0.5
Kingler,water,,130,1,1,1,2,1,1,0.5,1,1,2,1,0.5,1,1,1,1,0.5,0.5
Voltorb,electric,,30,1,1,1,0.5,1,1,1,0.5,1,1,2,1,1,1,1,1,0.5,1
Electrode,electric,,50,1,1,1,0.5,1,1,1,0.5,1,1,2,1,1,1,1,1,0.5,1
Exeggcute,grass,psychic,40,4,2,1,0.5,1,0.5,2,2,2,0.5,0.5,2,1,2,0.5,1,1,0.5
Exeggutor,grass,psychic,105,4,2,1,0.5,1,0.5,2,2,2,0.5,0.5,2,1,2,0.5,1,1,0.5
Cubone,ground,,50,1,1,1,0,1,1,1,1,1,2,1,2,1,0.5,1,0.5,1,2
Marowak,ground,fire,80,1,1,1,0,1,1,1,1,1,2,1,2,1,0.5,1,0.5,1,2
Hitmonlee,fighting,,120,0.5,0.5,1,1,2,1,1,2,1,1,1,1,1,1,2,0.5,1,1
Hitmonchan,fighting,,105,0.5,0.5,1,1,2,1,1,2,1,1,1,1,1,1,2,0.5,1,1
Lickitung,normal,,55,1,1,1,1,1,2,1,1,0,1,1,1,1,1,1,1,1,1
Koffing,poison,,65,0.5,1,1,1,0.5,0.5,1,1,1,0.5,2,1,1,0.5,2,1,1,1
Weezing,poison,,90,0.5,1,1,1,0.5,0.5,1,1,1,0.5,2,1,1,0.5,2,1,1,1
Rhyhorn,ground,rock,85,1,1,1,0,1,2,0.5,0.5,1,4,2,2,0.5,0.25,1,0.5,2,4
Rhydon,ground,rock,130,1,1,1,0,1,2,0.5,0.5,1,4,2,2,0.5,0.25,1,0.5,2,4
Chansey,normal,,5,1,1,1,1,1,2,1,1,0,1,1,1,1,1,1,1,1,1
Tangela,grass,,55,2,1,1,0.5,1,1,2,2,1,0.5,0.5,2,1,2,1,1,1,0.5
Kangaskhan,normal,,125,1,1,1,1,1,2,1,1,0,1,1,1,1,1,1,1,1,1
Horsea,water,,40,1,1,1,2,1,1,0.5,1,1,2,1,0.5,1,1,1,1,0.5,0.5
Seadra,water,,65,1,1,1,2,1,1,0.5,1,1,2,1,0.5,1,1,1,1,0.5,0.5
Goldeen,water,,67,1,1,1,2,1,1,0.5,1,1,2,1,0.5,1,1,1,1,0.5,0.5
Seaking,water,,92,1,1,1,2,1,1,0.5,1,1,2,1,0.5,1,1,1,1,0.5,0.5
Staryu,water,,45,1,1,1,2,1,1,0.5,1,1,2,1,0.5,1,1,1,1,0.5,0.5
Starmie,water,psychic,75,2,2,1,2,1,0.5,0.5,1,2,2,1,0.5,1,1,0.5,1,0.5,0.5
Mr. Mime,psychic,fairy,45,1,1,0,1,1,0.25,1,1,2,1,1,1,1,2,0.5,1,2,1
Scyther,bug,flying,110,0.5,1,1,2,1,0.25,2,2,1,0.25,0,2,1,1,1,4,1,1
Jynx,ice,psychic,50,2,2,1,1,1,1,2,1,2,1,1,0.5,1,1,0.5,2,2,1
Electabuzz,electric,,83,1,1,1,0.5,1,1,1,0.5,1,1,2,1,1,1,1,1,0.5,1
Magmar,fire,,95,0.5,1,1,1,0.5,1,0.5,1,1,0.5,2,0.5,1,1,1,2,0.5,2
Pinsir,bug,,155,1,1,1,1,1,0.5,2,2,1,0.5,0.5,1,1,1,1,2,1,1
Tauros,normal,,100,1,1,1,1,1,2,1,1,0,1,1,1,1,1,1,1,1,1
Magikarp,water,,10,1,1,1,2,1,1,0.5,1,1,2,1,0.5,1,1,1,1,0.5,0.5
Gyarados,water,flying,155,0.5,1,1,4,1,0.5,0.5,1,1,1,0,1,1,1,1,2,0.5,0.5
Lapras,water,ice,85,1,1,1,2,1,2,1,1,1,2,1,0.25,1,1,1,2,1,0.5
Ditto,normal,,48,1,1,1,1,1,2,1,1,0,1,1,1,1,1,1,1,1,1
Eevee,normal,,55,1,1,1,1,1,2,1,1,0,1,1,1,1,1,1,1,1,1
Vaporeon,water,,65,1,1,1,2,1,1,0.5,1,1,2,1,0.5,1,1,1,1,0.5,0.5
Jolteon,electric,,65,1,1,1,0.5,1,1,1,0.5,1,1,2,1,1,1,1,1,0.5,1
Flareon,fire,,130,0.5,1,1,1,0.5,1,0.5,1,1,0.5,2,0.5,1,1,1,2,0.5,2
Porygon,normal,,60,1,1,1,1,1,2,1,1,0,1,1,1,1,1,1,1,1,1
Omanyte,rock,water,40,1,1,1,2,1,2,0.25,0.5,1,4,2,0.5,0.5,0.5,1,1,1,1
Omastar,rock,water,60,1,1,1,2,1,2,0.25,0.5,1,4,2,0.5,0.5,0.5,1,1,1,1
Kabuto,rock,water,80,1,1,1,2,1,2,0.25,0.5,1,4,2,0.5,0.5,0.5,1,1,1,1
Kabutops,rock,water,115,1,1,1,2,1,2,0.25,0.5,1,4,2,0.5,0.5,0.5,1,1,1,1
Aerodactyl,rock,flying,135,0.5,1,1,2,1,1,0.5,0.5,1,1,0,2,0.5,0.5,1,2,2,2
Snorlax,normal,,110,1,1,1,1,1,2,1,1,0,1,1,1,1,1,1,1,1,1
Articuno,ice,flying,85,0.5,1,1,2,1,1,2,1,1,0.5,0,1,1,1,1,4,2,1
Zapdos,electric,flying,90,0.5,1,1,1,1,0.5,1,0.5,1,0.5,0,2,1,1,1,2,0.5,1
Moltres,fire,flying,100,0.25,1,1,2,0.5,0.5,0.5,1,1,0.25,0,1,1,1,1,4,0.5,2
Dratini,dragon,,64,1,1,2,0.5,2,1,0.5,1,1,0.5,1,2,1,1,1,1,1,0.5
Dragonair,dragon,,84,1,1,2,0.5,2,1,0.5,1,1,0.5,1,2,1,1,1,1,1,0.5
Dragonite,dragon,flying,134,0.5,1,2,1,2,0.5,0.5,1,1,0.25,0,4,1,1,1,2,1,0.5
Mewtwo,psychic,,150,2,2,1,1,1,0.5,1,1,2,1,1,1,1,1,0.5,1,1,1
Mew,psychic,,100,2,2,1,1,1,0.5,1,1,2,1,1,1,1,1,0.5,1,1,1
Chikorita,grass,,49,2,1,1,0.5,1,1,2,2,1,0.5,0.5,2,1,2,1,1,1,0.5
Bayleef,grass,,62,2,1,1,0.5,1,1,2,2,1,0.5,0.5,2,1,2,1,1,1,0.5
Meganium,grass,,82,2,1,1,0.5,1,1,2,2,1,0.5,0.5,2,1,2,1,1,1,0.5
Cyndaquil,fire,,52,0.5,1,1,1,0.5,1,0.5,1,1,0.5,2,0.5,1,1,1,2,0.5,2
Quilava,fire,,64,0.5,1,1,1,0.5,1,0.5,1,1,0.5,2,0.5,1,1,1,2,0.5,2
Typhlosion,fire,,84,0.5,1,1,1,0.5,1,0.5,1,1,0.5,2,0.5,1,1,1,2,0.5,2
Totodile,water,,65,1,1,1,2,1,1,0.5,1,1,2,1,0.5,1,1,1,1,0.5,0.5
Croconaw,water,,80,1,1,1,2,1,1,0.5,1,1,2,1,0.5,1,1,1,1,0.5,0.5
Feraligatr,water,,105,1,1,1,2,1,1,0.5,1,1,2,1,0.5,1,1,1,1,0.5,0.5
Sentret,normal,,46,1,1,1,1,1,2,1,1,0,1,1,1,1,1,1,1,1,1
Furret,normal,,76,1,1,1,1,1,2,1,1,0,1,1,1,1,1,1,1,1,1
Hoothoot,normal,flying,30,0.5,1,1,2,1,1,1,1,0,0.5,0,2,1,1,1,2,1,1
Noctowl,normal,flying,50,0.5,1,1,2,1,1,1,1,0,0.5,0,2,1,1,1,2,1,1
Ledyba,bug,flying,20,0.5,1,1,2,1,0.25,2,2,1,0.25,0,2,1,1,1,4,1,1
Ledian,bug,flying,35,0.5,1,1,2,1,0.25,2,2,1,0.25,0,2,1,1,1,4,1,1
Spinarak,bug,poison,60,0.5,1,1,1,0.5,0.25,2,2,1,0.25,1,1,1,0.5,2,2,1,1
Ariados,bug,poison,90,0.5,1,1,1,0.5,0.25,2,2,1,0.25,1,1,1,0.5,2,2,1,1
Crobat,poison,flying,90,0.25,1,1,2,0.5,0.25,1,1,1,0.25,0,2,1,0.5,2,2,1,1
Chinchou,water,electric,38,1,1,1,1,1,1,0.5,0.5,1,2,2,0.5,1,1,1,1,0.25,0.5
Lanturn,water,electric,58,1,1,1,1,1,1,0.5,0.5,1,2,2,0.5,1,1,1,1,0.25,0.5
Pichu,electric,,40,1,1,1,0.5,1,1,1,0.5,1,1,2,1,1,1,1,1,0.5,1
Cleffa,fairy,,25,0.5,0.5,0,1,1,0.5,1,1,1,1,1,1,1,2,1,1,2,1
Igglybuff,normal,fairy,30,0.5,0.5,0,1,1,1,1,1,0,1,1,1,1,2,1,1,2,1
Togepi,fairy,,20,0.5,0.5,0,1,1,0.5,1,1,1,1,1,1,1,2,1,1,2,1
Togetic,fairy,flying,40,0.25,0.5,0,2,1,0.25,1,1,1,0.5,0,2,1,2,1,2,2,1
Natu,psychic,flying,50,1,2,1,2,1,0.25,1,1,2,0.5,0,2,1,1,0.5,2,1,1
Xatu,psychic,flying,75,1,2,1,2,1,0.25,1,1,2,0.5,0,2,1,1,0.5,2,1,1
Mareep,electric,,40,1,1,1,0.5,1,1,1,0.5,1,1,2,1,1,1,1,1,0.5,1
Flaaffy,electric,,55,1,1,1,0.5,1,1,1,0.5,1,1,2,1,1,1,1,1,0.5,1
Ampharos,electric,,95,1,1,1,0.5,1,1,1,0.5,1,1,2,1,1,1,1,1,0.5,1
Bellossom,grass,,80,2,1,1,0.5,1,1,2,2,1,0.5,0.5,2,1,2,1,1,1,0.5
Marill,water,fairy,20,0.5,0.5,0,2,1,0.5,0.5,1,1,2,1,0.5,1,2,1,1,1,0.5
Azumarill,water,fairy,50,0.5,0.5,0,2,1,0.5,0.5,1,1,2,1,0.5,1,2,1,1,1,0.5
Sudowoodo,rock,,100,1,1,1,1,1,2,0.5,0.5,1,2,2,1,0.5,0.5,1,1,2,2
Politoed,water,,75,1,1,1,2,1,1,0.5,1,1,2,1,0.5,1,1,1,1,0.5,0.5
Hoppip,grass,flying,35,1,1,1,1,1,0.5,2,2,1,0.25,0,4,1,2,1,2,1,0.5
Skiploom,grass,flying,45,1,1,1,1,1,0.5,2,2,1,0.25,0,4,1,2,1,2,1,0.5
Jumpluff,grass,flying,55,1,1,1,1,1,0.5,2,2,1,0.25,0,4,1,2,1,2,1,0.5
Aipom,normal,,70,1,1,1,1,1,2,1,1,0,1,1,1,1,1,1,1,1,1
Sunkern,grass,,30,2,1,1,0.5,1,1,2,2,1,0.5,0.5,2,1,2,1,1,1,0.5
Sunflora,grass,,75,2,1,1,0.5,1,1,2,2,1,0.5,0.5,2,1,2,1,1,1,0.5
Yanma,bug,flying,65,0.5,1,1,2,1,0.25,2,2,1,0.25,0,2,1,1,1,4,1,1
Wooper,water,ground,45,1,1,1,0,1,1,0.5,1,1,4,1,1,1,0.5,1,0.5,0.5,1
Quagsire,water,ground,85,1,1,1,0,1,1,0.5,1,1,4,1,1,1,0.5,1,0.5,0.5,1
Espeon,psychic,,65,2,2,1,1,1,0.5,1,1,2,1,1,1,1,1,0.5,1,1,1
Umbreon,dark,,65,2,0.5,1,1,2,2,1,1,0.5,1,1,1,1,1,0,1,1,1
Murkrow,dark,flying,85,1,0.5,1,2,2,1,1,1,0.5,0.5,0,2,1,1,0,2,1,1
Slowking,water,psychic,75,2,2,1,2,1,0.5,0.5,1,2,2,1,0.5,1,1,0.5,1,0.5,0.5
Misdreavus,ghost,,60,0.5,2,1,1,1,0,1,1,2,1,1,1,0,0.5,1,1,1,1
Unown,psychic,,72,2,2,1,1,1,0.5,1,1,2,1,1,1,1,1,0.5,1,1,1
Wobbuffet,psychic,,33,2,2,1,1,1,0.5,1,1,2,1,1,1,1,1,0.5,1,1,1
Girafarig,normal,psychic,80,2,2,1,1,1,1,1,1,0,1,1,1,1,1,0.5,1,1,1
Pineco,bug,,65,1,1,1,1,1,0.5,2,2,1,0.5,0.5,1,1,1,1,2,1,1
Forretress,bug,steel,90,0.5,1,0.5,1,0.5,1,4,1,1,0.25,1,0.5,0.5,0,0.5,1,0.5,1
Dunsparce,normal,,70,1,1,1,1,1,2,1,1,0,1,1,1,1,1,1,1,1,1
Gligar,ground,flying,75,0.5,1,1,0,1,0.5,1,1,1,1,0,4,1,0.5,1,1,1,2
Steelix,steel,ground,125,0.5,1,0.5,0,0.5,2,2,0.5,1,1,2,1,0.5,0,0.5,0.25,0.5,2
Snubbull,fairy,,80,0.5,0.5,0,1,1,0.5,1,1,1,1,1,1,1,2,1,1,2,1
Granbull,fairy,,120,0.5,0.5,0,1,1,0.5,1,1,1,1,1,1,1,2,1,1,2,1
Qwilfish,water,poison,95,0.5,1,1,2,0.5,0.5,0.5,1,1,1,2,0.5,1,0.5,2,1,0.5,0.5
Scizor,bug,steel,150,0.5,1,0.5,1,0.5,1,4,1,1,0.25,1,0.5,0.5,0,0.5,1,0.5,1
Shuckle,bug,rock,10,1,1,1,1,1,1,1,1,1,1,1,1,0.5,0.5,1,2,2,2
Heracross,bug,fighting,185,0.5,0.5,1,1,2,0.5,2,4,1,0.5,0.5,1,1,1,2,1,1,1
Sneasel,dark,ice,95,2,0.5,1,1,2,4,2,1,0.5,1,1,0.5,1,1,0,2,2,1
Teddiursa,normal,,80,1,1,1,1,1,2,1,1,0,1,1,1,1,1,1,1,1,1
Ursaring,normal,,130,1,1,1,1,1,2,1,1,0,1,1,1,1,1,1,1,1,1
Slugma,fire,,40,0.5,1,1,1,0.5,1,0.5,1,1,0.5,2,0.5,1,1,1,2,0.5,2
Magcargo,fire,rock,50,0.5,1,1,1,0.5,2,0.25,0.5,1,1,4,0.5,0.5,0.5,1,2,1,4
Swinub,ice,ground,50,1,1,1,0,1,2,2,1,1,2,1,1,1,0.5,1,1,2,2
Piloswine,ice,ground,100,1,1,1,0,1,2,2,1,1,2,1,1,1,0.5,1,1,2,2
Corsola,water,rock,55,1,1,1,2,1,2,0.25,0.5,1,4,2,0.5,0.5,0.5,1,1,1,1
Remoraid,water,,65,1,1,1,2,1,1,0.5,1,1,2,1,0.5,1,1,1,1,0.5,0.5
Octillery,water,,105,1,1,1,2,1,1,0.5,1,1,2,1,0.5,1,1,1,1,0.5,0.5
Delibird,ice,flying,55,0.5,1,1,2,1,1,2,1,1,0.5,0,1,1,1,1,4,2,1
Mantine,water,flying,40,0.5,1,1,4,1,0.5,0.5,1,1,1,0,1,1,1,1,2,0.5,0.5
Skarmory,steel,flying,80,0.25,1,0.5,2,0.5,1,2,0.5,1,0.25,0,1,0.5,0,0.5,1,0.5,1
Houndour,dark,fire,60,1,0.5,1,1,1,2,0.5,1,0.5,0.5,2,0.5,1,1,0,2,0.5,2
Houndoom,dark,fire,90,1,0.5,1,1,1,2,0.5,1,0.5,0.5,2,0.5,1,1,0,2,0.5,2
Kingdra,water,dragon,95,1,1,2,1,2,1,0.25,1,1,1,1,1,1,1,1,1,0.5,0.25
Phanpy,ground,,60,1,1,1,0,1,1,1,1,1,2,1,2,1,0.5,1,0.5,1,2
Donphan,ground,,120,1,1,1,0,1,1,1,1,1,2,1,2,1,0.5,1,0.5,1,2
Porygon2,normal,,80,1,1,1,1,1,2,1,1,0,1,1,1,1,1,1,1,1,1
Stantler,normal,,95,1,1,1,1,1,2,1,1,0,1,1,1,1,1,1,1,1,1
Smeargle,normal,,20,1,1,1,1,1,2,1,1,0,1,1,1,1,1,1,1,1,1
Tyrogue,fighting,,35,0.5,0.5,1,1,2,1,1,2,1,1,1,1,1,1,2,0.5,1,1
Hitmontop,fighting,,95,0.5,0.5,1,1,2,1,1,2,1,1,1,1,1,1,2,0.5,1,1
Smoochum,ice,psychic,30,2,2,1,1,1,1,2,1,2,1,1,0.5,1,1,0.5,2,2,1
Elekid,electric,,63,1,1,1,0.5,1,1,1,0.5,1,1,2,1,1,1,1,1,0.5,1
Magby,fire,,75,0.5,1,1,1,0.5,1,0.5,1,1,0.5,2,0.5,1,1,1,2,0.5,2
Miltank,normal,,80,1,1,1,1,1,2,1,1,0,1,1,1,1,1,1,1,1,1
Blissey,normal,,10,1,1,1,1,1,2,1,1,0,1,1,1,1,1,1,1,1,1
Raikou,electric,,85,1,1,1,0.5,1,1,1,0.5,1,1,2,1,1,1,1,1,0.5,1
Entei,fire,,115,0.5,1,1,1,0.5,1,0.5,1,1,0.5,2,0.5,1,1,1,2,0.5,2
Suicune,water,,75,1,1,1,2,1,1,0.5,1,1,2,1,0.5,1,1,1,1,0.5,0.5
Larvitar,rock,ground,64,1,1,1,0,1,2,0.5,0.5,1,4,2,2,0.5,0.25,1,0.5,2,4
Pupitar,rock,ground,84,1,1,1,0,1,2,0.5,0.5,1,4,2,2,0.5,0.25,1,0.5,2,4
Tyranitar,rock,dark,164,2,0.5,1,1,2,4,0.5,0.5,0.5,2,2,1,0.5,0.5,0,1,2,2
Lugia,psychic,flying,90,1,2,1,2,1,0.25,1,1,2,0.5,0,2,1,1,0.5,2,1,1
Ho-Oh,fire,flying,130,0.25,1,1,2,0.5,0.5,0.5,1,1,0.25,0,1,1,1,1,4,0.5,2
Celebi,psychic,grass,100,4,2,1,0.5,1,0.5,2,2,2,0.5,0.5,2,1,2,0.5,1,1,0.5
Treecko,grass,,45,2,1,1,0.5,1,1,2,2,1,0.5,0.5,2,1,2,1,1,1,0.5
Grovyle,grass,,65,2,1,1,0.5,1,1,2,2,1,0.5,0.5,2,1,2,1,1,1,0.5
Sceptile,grass,,110,2,1,1,0.5,1,1,2,2,1,0.5,0.5,2,1,2,1,1,1,0.5
Torchic,fire,,60,0.5,1,1,1,0.5,1,0.5,1,1,0.5,2,0.5,1,1,1,2,0.5,2
Combusken,fire,fighting,85,0.25,0.5,1,1,1,1,0.5,2,1,0.5,2,0.5,1,1,2,1,0.5,2
Blaziken,fire,fighting,160,0.25,0.5,1,1,1,1,0.5,2,1,0.5,2,0.5,1,1,2,1,0.5,2
Mudkip,water,,70,1,1,1,2,1,1,0.5,1,1,2,1,0.5,1,1,1,1,0.5,0.5
Marshtomp,water,ground,85,1,1,1,0,1,1,0.5,1,1,4,1,1,1,0.5,1,0.5,0.5,1
Swampert,water,ground,150,1,1,1,0,1,1,0.5,1,1,4,1,1,1,0.5,1,0.5,0.5,1
Poochyena,dark,,55,2,0.5,1,1,2,2,1,1,0.5,1,1,1,1,1,0,1,1,1
Mightyena,dark,,90,2,0.5,1,1,2,2,1,1,0.5,1,1,1,1,1,0,1,1,1
Zigzagoon,normal,,30,1,1,1,1,1,2,1,1,0,1,1,1,1,1,1,1,1,1
Linoone,normal,,70,1,1,1,1,1,2,1,1,0,1,1,1,1,1,1,1,1,1
Wurmple,bug,,45,1,1,1,1,1,0.5,2,2,1,0.5,0.5,1,1,1,1,2,1,1
Silcoon,bug,,35,1,1,1,1,1,0.5,2,2,1,0.5,0.5,1,1,1,1,2,1,1
Beautifly,bug,flying,70,0.5,1,1,2,1,0.25,2,2,1,0.25,0,2,1,1,1,4,1,1
Cascoon,bug,,35,1,1,1,1,1,0.5,2,2,1,0.5,0.5,1,1,1,1,2,1,1
Dustox,bug,poison,50,0.5,1,1,1,0.5,0.25,2,2,1,0.25,1,1,1,0.5,2,2,1,1
Lotad,water,grass,30,2,1,1,1,1,1,1,2,1,1,0.5,1,1,2,1,1,0.5,0.25
Lombre,water,grass,50,2,1,1,1,1,1,1,2,1,1,0.5,1,1,2,1,1,0.5,0.25
Ludicolo,water,grass,70,2,1,1,1,1,1,1,2,1,1,0.5,1,1,2,1,1,0.5,0.25
Seedot,grass,,40,2,1,1,0.5,1,1,2,2,1,0.5,0.5,2,1,2,1,1,1,0.5
Nuzleaf,grass,dark,70,4,0.5,1,0.5,2,2,2,2,0.5,0.5,0.5,2,1,2,0,1,1,0.5
Shiftry,grass,dark,100,4,0.5,1,0.5,2,2,2,2,0.5,0.5,0.5,2,1,2,0,1,1,0.5
Taillow,normal,flying,55,0.5,1,1,2,1,1,1,1,0,0.5,0,2,1,1,1,2,1,1
Swellow,normal,flying,85,0.5,1,1,2,1,1,1,1,0,0.5,0,2,1,1,1,2,1,1
Wingull,water,flying,30,0.5,1,1,4,1,0.5,0.5,1,1,1,0,1,1,1,1,2,0.5,0.5
Pelipper,water,flying,50,0.5,1,1,4,1,0.5,0.5,1,1,1,0,1,1,1,1,2,0.5,0.5
Ralts,psychic,fairy,25,1,1,0,1,1,0.25,1,1,2,1,1,1,1,2,0.5,1,2,1
Kirlia,psychic,fairy,35,1,1,0,1,1,0.25,1,1,2,1,1,1,1,2,0.5,1,2,1
Gardevoir,psychic,fairy,85,1,1,0,1,1,0.25,1,1,2,1,1,1,1,2,0.5,1,2,1
Surskit,bug,water,30,1,1,1,2,1,0.5,1,2,1,1,0.5,0.5,1,1,1,2,0.5,0.5
Masquerain,bug,flying,60,0.5,1,1,2,1,0.25,2,2,1,0.25,0,2,1,1,1,4,1,1
Shroomish,grass,,40,2,1,1,0.5,1,1,2,2,1,0.5,0.5,2,1,2,1,1,1,0.5
Breloom,grass,fighting,130,1,0.5,1,0.5,2,1,2,4,1,0.5,0.5,2,1,2,2,0.5,1,0.5
Slakoth,normal,,60,1,1,1,1,1,2,1,1,0,1,1,1,1,1,1,1,1,1
Vigoroth,normal,,80,1,1,1,1,1,2,1,1,0,1,1,1,1,1,1,1,1,1
Slaking,normal,,160,1,1,1,1,1,2,1,1,0,1,1,1,1,1,1,1,1,1
Nincada,bug,ground,45,1,1,1,0,1,0.5,2,2,1,1,0.5,2,1,0.5,1,1,1,2
Ninjask,bug,flying,90,0.5,1,1,2,1,0.25,2,2,1,0.25,0,2,1,1,1,4,1,1
Shedinja,bug,ghost,90,0.5,2,1,1,1,0,2,2,2,0.5,0.5,1,0,0.5,1,2,1,1
Whismur,normal,,51,1,1,1,1,1,2,1,1,0,1,1,1,1,1,1,1,1,1
Loudred,normal,,71,1,1,1,1,1,2,1,1,0,1,1,1,1,1,1,1,1,1
Exploud,normal,,91,1,1,1,1,1,2,1,1,0,1,1,1,1,1,1,1,1,1
Makuhita,fighting,,60,0.5,0.5,1,1,2,1,1,2,1,1,1,1,1,1,2,0.5,1,1
Hariyama,fighting,,120,0.5,0.5,1,1,2,1,1,2,1,1,1,1,1,1,2,0.5,1,1
Azurill,normal,fairy,20,0.5,0.5,0,1,1,1,1,1,0,1,1,1,1,2,1,1,2,1
Nosepass,rock,,45,1,1,1,1,1,2,0.5,0.5,1,2,2,1,0.5,0.5,1,1,2,2
Skitty,normal,,45,1,1,1,1,1,2,1,1,0,1,1,1,1,1,1,1,1,1
Delcatty,normal,,65,1,1,1,1,1,2,1,1,0,1,1,1,1,1,1,1,1,1
Sableye,dark,ghost,85,1,1,1,1,2,0,1,1,1,1,1,1,0,0.5,0,1,1,1
Mawile,steel,fairy,105,0.25,0.5,0,1,0.5,1,2,0.5,1,0.5,2,0.5,0.5,0,0.5,0.5,1,1
Aron,steel,rock,70,0.5,1,0.5,1,0.5,4,1,0.25,1,1,4,0.5,0.25,0,0.5,0.5,1,2
Lairon,steel,rock,90,0.5,1,0.5,1,0.5,4,1,0.25,1,1,4,0.5,0.25,0,0.5,0.5,1,2
Aggron,steel,rock,140,0.5,1,0.5,1,0.5,4,1,0.25,1,1,4,0.5,0.25,0,0.5,0.5,1,2
Meditite,fighting,psychic,40,1,1,1,1,2,0.5,1,2,2,1,1,1,1,1,1,0.5,1,1
Medicham,fighting,psychic,100,1,1,1,1,2,0.5,1,2,2,1,1,1,1,1,1,0.5,1,1
Electrike,electric,,45,1,1,1,0.5,1,1,1,0.5,1,1,2,1,1,1,1,1,0.5,1
Manectric,electric,,75,1,1,1,0.5,1,1,1,0.5,1,1,2,1,1,1,1,1,0.5,1
Plusle,electric,,50,1,1,1,0.5,1,1,1,0.5,1,1,2,1,1,1,1,1,0.5,1
Minun,electric,,40,1,1,1,0.5,1,1,1,0.5,1,1,2,1,1,1,1,1,0.5,1
Volbeat,bug,,73,1,1,1,1,1,0.5,2,2,1,0.5,0.5,1,1,1,1,2,1,1
Illumise,bug,,47,1,1,1,1,1,0.5,2,2,1,0.5,0.5,1,1,1,1,2,1,1
Roselia,grass,poison,60,1,1,1,0.5,0.5,0.5,2,2,1,0.25,1,2,1,1,2,1,1,0.5
Gulpin,poison,,43,0.5,1,1,1,0.5,0.5,1,1,1,0.5,2,1,1,0.5,2,1,1,1
Swalot,poison,,73,0.5,1,1,1,0.5,0.5,1,1,1,0.5,2,1,1,0.5,2,1,1,1
Carvanha,water,dark,90,2,0.5,1,2,2,2,0.5,1,0.5,2,1,0.5,1,1,0,1,0.5,0.5
Sharpedo,water,dark,140,2,0.5,1,2,2,2,0.5,1,0.5,2,1,0.5,1,1,0,1,0.5,0.5
Wailmer,water,,70,1,1,1,2,1,1,0.5,1,1,2,1,0.5,1,1,1,1,0.5,0.5
Wailord,water,,90,1,1,1,2,1,1,0.5,1,1,2,1,0.5,1,1,1,1,0.5,0.5
Numel,fire,ground,60,0.5,1,1,0,0.5,1,0.5,1,1,1,2,1,1,0.5,1,1,0.5,4
Camerupt,fire,ground,120,0.5,1,1,0,0.5,1,0.5,1,1,1,2,1,1,0.5,1,1,0.5,4
Torkoal,fire,,85,0.5,1,1,1,0.5,1,0.5,1,1,0.5,2,0.5,1,1,1,2,0.5,2
Spoink,psychic,,25,2,2,1,1,1,0.5,1,1,2,1,1,1,1,1,0.5,1,1,1
Grumpig,psychic,,45,2,2,1,1,1,0.5,1,1,2,1,1,1,1,1,0.5,1,1,1
Spinda,normal,,60,1,1,1,1,1,2,1,1,0,1,1,1,1,1,1,1,1,1
Trapinch,ground,,100,1,1,1,0,1,1,1,1,1,2,1,2,1,0.5,1,0.5,1,2
Vibrava,ground,dragon,70,1,1,2,0,2,1,0.5,1,1,1,1,4,1,0.5,1,0.5,1,1
Flygon,ground,dragon,100,1,1,2,0,2,1,0.5,1,1,1,1,4,1,0.5,1,0.5,1,1
Cacnea,grass,,85,2,1,1,0.5,1,1,2,2,1,0.5,0.5,2,1,2,1,1,1,0.5
Cacturne,grass,dark,115,4,0.5,1,0.5,2,2,2,2,0.5,0.5,0.5,2,1,2,0,1,1,0.5
Swablu,normal,flying,40,0.5,1,1,2,1,1,1,1,0,0.5,0,2,1,1,1,2,1,1
Altaria,dragon,flying,110,0.5,1,2,1,2,0.5,0.5,1,1,0.25,0,4,1,1,1,2,1,0.5
Zangoose,normal,,115,1,1,1,1,1,2,1,1,0,1,1,1,1,1,1,1,1,1
Seviper,poison,,100,0.5,1,1,1,0.5,0.5,1,1,1,0.5,2,1,1,0.5,2,1,1,1
Lunatone,rock,psychic,55,2,2,1,1,1,1,0.5,0.5,2,2,2,1,0.5,0.5,0.5,1,2,2
Solrock,rock,psychic,95,2,2,1,1,1,1,0.5,0.5,2,2,2,1,0.5,0.5,0.5,1,2,2
Barboach,water,ground,48,1,1,1,0,1,1,0.5,1,1,4,1,1,1,0.5,1,0.5,0.5,1
Whiscash,water,ground,78,1,1,1,0,1,1,0.5,1,1,4,1,1,1,0.5,1,0.5,0.5,1
Corphish,water,,80,1,1,1,2,1,1,0.5,1,1,2,1,0.5,1,1,1,1,0.5,0.5
Crawdaunt,water,dark,120,2,0.5,1,2,2,2,0.5,1,0.5,2,1,0.5,1,1,0,1,0.5,0.5
Baltoy,ground,psychic,40,2,2,1,0,1,0.5,1,1,2,2,1,2,1,0.5,0.5,0.5,1,2
Claydol,ground,psychic,70,2,2,1,0,1,0.5,1,1,2,2,1,2,1,0.5,0.5,0.5,1,2
Lileep,rock,grass,41,2,1,1,0.5,1,2,1,1,1,1,1,2,0.5,1,1,1,2,1
Cradily,rock,grass,81,2,1,1,0.5,1,2,1,1,1,1,1,2,0.5,1,1,1,2,1
Anorith,rock,bug,95,1,1,1,1,1,1,1,1,1,1,1,1,0.5,0.5,1,2,2,2
Armaldo,rock,bug,125,1,1,1,1,1,1,1,1,1,1,1,1,0.5,0.5,1,2,2,2
Feebas,water,,15,1,1,1,2,1,1,0.5,1,1,2,1,0.5,1,1,1,1,0.5,0.5
Milotic,water,,60,1,1,1,2,1,1,0.5,1,1,2,1,0.5,1,1,1,1,0.5,0.5
Castform,normal,,70,1,1,1,1,1,2,1,1,0,1,1,1,1,1,1,1,1,1
Kecleon,normal,,90,1,1,1,1,1,2,1,1,0,1,1,1,1,1,1,1,1,1
Shuppet,ghost,,75,0.5,2,1,1,1,0,1,1,2,1,1,1,0,0.5,1,1,1,1
Banette,ghost,,165,0.5,2,1,1,1,0,1,1,2,1,1,1,0,0.5,1,1,1,1
Duskull,ghost,,40,0.5,2,1,1,1,0,1,1,2,1,1,1,0,0.5,1,1,1,1
Dusclops,ghost,,70,0.5,2,1,1,1,0,1,1,2,1,1,1,0,0.5,1,1,1,1
Tropius,grass,flying,68,1,1,1,1,1,0.5,2,2,1,0.25,0,4,1,2,1,2,1,0.5
Chimecho,psychic,,50,2,2,1,1,1,0.5,1,1,2,1,1,1,1,1,0.5,1,1,1
Absol,dark,,150,2,0.5,1,1,2,2,1,1,0.5,1,1,1,1,1,0,1,1,1
Wynaut,psychic,,23,2,2,1,1,1,0.5,1,1,2,1,1,1,1,1,0.5,1,1,1
Snorunt,ice,,50,1,1,1,1,1,2,2,1,1,1,1,0.5,1,1,1,2,2,1
Glalie,ice,,120,1,1,1,1,1,2,2,1,1,1,1,0.5,1,1,1,2,2,1
Spheal,ice,water,40,1,1,1,2,1,2,1,1,1,2,1,0.25,1,1,1,2,1,0.5
Sealeo,ice,water,60,1,1,1,2,1,2,1,1,1,2,1,0.25,1,1,1,2,1,0.5
Walrein,ice,water,80,1,1,1,2,1,2,1,1,1,2,1,0.25,1,1,1,2,1,0.5
Clamperl,water,,64,1,1,1,2,1,1,0.5,1,1,2,1,0.5,1,1,1,1,0.5,0.5
Huntail,water,,104,1,1,1,2,1,1,0.5,1,1,2,1,0.5,1,1,1,1,0.5,0.5
Gorebyss,water,,84,1,1,1,2,1,1,0.5,1,1,2,1,0.5,1,1,1,1,0.5,0.5
Relicanth,water,rock,90,1,1,1,2,1,2,0.25,0.5,1,4,2,0.5,0.5,0.5,1,1,1,1
Luvdisc,water,,30,1,1,1,2,1,1,0.5,1,1,2,1,0.5,1,1,1,1,0.5,0.5
Bagon,dragon,,75,1,1,2,0.5,2,1,0.5,1,1,0.5,1,2,1,1,1,1,1,0.5
Shelgon,dragon,,95,1,1,2,0.5,2,1,0.5,1,1,0.5,1,2,1,1,1,1,1,0.5
Salamence,dragon,flying,145,0.5,1,2,1,2,0.5,0.5,1,1,0.25,0,4,1,1,1,2,1,0.5
Beldum,steel,psychic,55,1,2,0.5,1,0.5,1,2,0.5,2,0.5,2,0.5,0.5,0,0.25,0.5,0.5,1
Metang,steel,psychic,75,1,2,0.5,1,0.5,1,2,0.5,2,0.5,2,0.5,0.5,0,0.25,0.5,0.5,1
Metagross,steel,psychic,145,1,2,0.5,1,0.5,1,2,0.5,2,0.5,2,0.5,0.5,0,0.25,0.5,0.5,1
Regirock,rock,,100,1,1,1,1,1,2,0.5,0.5,1,2,2,1,0.5,0.5,1,1,2,2
Regice,ice,,50,1,1,1,1,1,2,2,1,1,1,1,0.5,1,1,1,2,2,1
Registeel,steel,,75,0.5,1,0.5,1,0.5,2,2,0.5,1,0.5,2,0.5,0.5,0,0.5,0.5,0.5,1
Latias,dragon,psychic,100,2,2,2,0.5,2,0.5,0.5,1,2,0.5,1,2,1,1,0.5,1,1,0.5
Latios,dragon,psychic,130,2,2,2,0.5,2,0.5,0.5,1,2,0.5,1,2,1,1,0.5,1,1,0.5
Kyogre,water,,150,1,1,1,2,1,1,0.5,1,1,2,1,0.5,1,1,1,1,0.5,0.5
Groudon,ground,,180,1,1,1,0,1,1,1,1,1,2,1,2,1,0.5,1,0.5,1,2
Rayquaza,dragon,flying,180,0.5,1,2,1,2,0.5,0.5,1,1,0.25,0,4,1,1,1,2,1,0.5
Jirachi,steel,psychic,100,1,2,0.5,1,0.5,1,2,0.5,2,0.5,2,0.5,0.5,0,0.25,0.5,0.5,1
Deoxys,psychic,,95,2,2,1,1,1,0.5,1,1,2,1,1,1,1,1,0.5,1,1,1
Turtwig,grass,,68,2,1,1,0.5,1,1,2,2,1,0.5,0.5,2,1,2,1,1,1,0.5
Grotle,grass,,89,2,1,1,0.5,1,1,2,2,1,0.5,0.5,2,1,2,1,1,1,0.5
Torterra,grass,ground,109,2,1,1,0,1,1,2,2,1,1,0.5,4,1,1,1,0.5,1,1
Chimchar,fire,,58,0.5,1,1,1,0.5,1,0.5,1,1,0.5,2,0.5,1,1,1,2,0.5,2
Monferno,fire,fighting,78,0.25,0.5,1,1,1,1,0.5,2,1,0.5,2,0.5,1,1,2,1,0.5,2
Infernape,fire,fighting,104,0.25,0.5,1,1,1,1,0.5,2,1,0.5,2,0.5,1,1,2,1,0.5,2
Piplup,water,,51,1,1,1,2,1,1,0.5,1,1,2,1,0.5,1,1,1,1,0.5,0.5
Prinplup,water,,66,1,1,1,2,1,1,0.5,1,1,2,1,0.5,1,1,1,1,0.5,0.5
Empoleon,water,steel,86,0.5,1,0.5,2,0.5,2,1,0.5,1,1,2,0.25,0.5,0,0.5,0.5,0.25,0.5
Starly,normal,flying,55,0.5,1,1,2,1,1,1,1,0,0.5,0,2,1,1,1,2,1,1
Staravia,normal,flying,75,0.5,1,1,2,1,1,1,1,0,0.5,0,2,1,1,1,2,1,1
Staraptor,normal,flying,120,0.5,1,1,2,1,1,1,1,0,0.5,0,2,1,1,1,2,1,1
Bidoof,normal,,45,1,1,1,1,1,2,1,1,0,1,1,1,1,1,1,1,1,1
Bibarel,normal,water,85,1,1,1,2,1,2,0.5,1,0,2,1,0.5,1,1,1,1,0.5,0.5
Kricketot,bug,,25,1,1,1,1,1,0.5,2,2,1,0.5,0.5,1,1,1,1,2,1,1
Kricketune,bug,,85,1,1,1,1,1,0.5,2,2,1,0.5,0.5,1,1,1,1,2,1,1
Shinx,electric,,65,1,1,1,0.5,1,1,1,0.5,1,1,2,1,1,1,1,1,0.5,1
Luxio,electric,,85,1,1,1,0.5,1,1,1,0.5,1,1,2,1,1,1,1,1,0.5,1
Luxray,electric,,120,1,1,1,0.5,1,1,1,0.5,1,1,2,1,1,1,1,1,0.5,1
Budew,grass,poison,30,1,1,1,0.5,0.5,0.5,2,2,1,0.25,1,2,1,1,2,1,1,0.5
Roserade,grass,poison,70,1,1,1,0.5,0.5,0.5,2,2,1,0.25,1,2,1,1,2,1,1,0.5
Cranidos,rock,,125,1,1,1,1,1,2,0.5,0.5,1,2,2,1,0.5,0.5,1,1,2,2
Rampardos,rock,,165,1,1,1,1,1,2,0.5,0.5,1,2,2,1,0.5,0.5,1,1,2,2
Shieldon,rock,steel,42,0.5,1,0.5,1,0.5,4,1,0.25,1,1,4,0.5,0.25,0,0.5,0.5,1,2
Bastiodon,rock,steel,52,0.5,1,0.5,1,0.5,4,1,0.25,1,1,4,0.5,0.25,0,0.5,0.5,1,2
Burmy,bug,,29,1,1,1,1,1,0.5,2,2,1,0.5,0.5,1,1,1,1,2,1,1
Wormadam,bug,grass,69,2,1,1,0.5,1,0.5,4,4,1,0.25,0.25,2,1,2,1,2,1,0.5
Mothim,bug,flying,94,0.5,1,1,2,1,0.25,2,2,1,0.25,0,2,1,1,1,4,1,1
Combee,bug,flying,30,0.5,1,1,2,1,0.25,2,2,1,0.25,0,2,1,1,1,4,1,1
Vespiquen,bug,flying,80,0.5,1,1,2,1,0.25,2,2,1,0.25,0,2,1,1,1,4,1,1
Pachirisu,electric,,45,1,1,1,0.5,1,1,1,0.5,1,1,2,1,1,1,1,1,0.5,1
Buizel,water,,65,1,1,1,2,1,1,0.5,1,1,2,1,0.5,1,1,1,1,0.5,0.5
Floatzel,water,,105,1,1,1,2,1,1,0.5,1,1,2,1,0.5,1,1,1,1,0.5,0.5
Cherubi,grass,,35,2,1,1,0.5,1,1,2,2,1,0.5,0.5,2,1,2,1,1,1,0.5
Cherrim,grass,,60,2,1,1,0.5,1,1,2,2,1,0.5,0.5,2,1,2,1,1,1,0.5
Shellos,water,,48,1,1,1,2,1,1,0.5,1,1,2,1,0.5,1,1,1,1,0.5,0.5
Gastrodon,water,ground,83,1,1,1,0,1,1,0.5,1,1,4,1,1,1,0.5,1,0.5,0.5,1
Ambipom,normal,,100,1,1,1,1,1,2,1,1,0,1,1,1,1,1,1,1,1,1
Drifloon,ghost,flying,50,0.25,2,1,2,1,0,1,1,2,0.5,0,2,0,0.5,1,2,1,1
Drifblim,ghost,flying,80,0.25,2,1,2,1,0,1,1,2,0.5,0,2,0,0.5,1,2,1,1
Buneary,normal,,66,1,1,1,1,1,2,1,1,0,1,1,1,1,1,1,1,1,1
Lopunny,normal,,136,1,1,1,1,1,2,1,1,0,1,1,1,1,1,1,1,1,1
Mismagius,ghost,,60,0.5,2,1,1,1,0,1,1,2,1,1,1,0,0.5,1,1,1,1
Honchkrow,dark,flying,125,1,0.5,1,2,2,1,1,1,0.5,0.5,0,2,1,1,0,2,1,1
Glameow,normal,,55,1,1,1,1,1,2,1,1,0,1,1,1,1,1,1,1,1,1
Purugly,normal,,82,1,1,1,1,1,2,1,1,0,1,1,1,1,1,1,1,1,1
Chingling,psychic,,30,2,2,1,1,1,0.5,1,1,2,1,1,1,1,1,0.5,1,1,1
Stunky,poison,dark,63,1,0.5,1,1,1,1,1,1,0.5,0.5,2,1,1,0.5,0,1,1,1
Skuntank,poison,dark,93,1,0.5,1,1,1,1,1,1,0.5,0.5,2,1,1,0.5,0,1,1,1
Bronzor,steel,psychic,24,1,2,0.5,1,0.5,1,2,0.5,2,0.5,2,0.5,0.5,0,0.25,0.5,0.5,1
Bronzong,steel,psychic,89,1,2,0.5,1,0.5,1,2,0.5,2,0.5,2,0.5,0.5,0,0.25,0.5,0.5,1
Bonsly,rock,,80,1,1,1,1,1,2,0.5,0.5,1,2,2,1,0.5,0.5,1,1,2,2
Mime Jr.,psychic,fairy,25,1,1,0,1,1,0.25,1,1,2,1,1,1,1,2,0.5,1,2,1
Happiny,normal,,5,1,1,1,1,1,2,1,1,0,1,1,1,1,1,1,1,1,1
Chatot,normal,flying,65,0.5,1,1,2,1,1,1,1,0,0.5,0,2,1,1,1,2,1,1
Spiritomb,ghost,dark,92,1,1,1,1,2,0,1,1,1,1,1,1,0,0.5,0,1,1,1
Gible,dragon,ground,70,1,1,2,0,2,1,0.5,1,1,1,1,4,1,0.5,1,0.5,1,1
Gabite,dragon,ground,90,1,1,2,0,2,1,0.5,1,1,1,1,4,1,0.5,1,0.5,1,1
Garchomp,dragon,ground,170,1,1,2,0,2,1,0.5,1,1,1,1,4,1,0.5,1,0.5,1,1
Munchlax,normal,,85,1,1,1,1,1,2,1,1,0,1,1,1,1,1,1,1,1,1
Riolu,fighting,,70,0.5,0.5,1,1,2,1,1,2,1,1,1,1,1,1,2,0.5,1,1
Lucario,fighting,steel,145,0.25,0.5,0.5,1,1,2,2,1,1,0.5,2,0.5,0.5,0,1,0.25,0.5,1
Hippopotas,ground,,72,1,1,1,0,1,1,1,1,1,2,1,2,1,0.5,1,0.5,1,2
Hippowdon,ground,,112,1,1,1,0,1,1,1,1,1,2,1,2,1,0.5,1,0.5,1,2
Skorupi,poison,bug,50,0.5,1,1,1,0.5,0.25,2,2,1,0.25,1,1,1,0.5,2,2,1,1
Drapion,poison,dark,90,1,0.5,1,1,1,1,1,1,0.5,0.5,2,1,1,0.5,0,1,1,1
Croagunk,poison,fighting,61,0.25,0.5,1,1,1,0.5,1,2,1,0.5,2,1,1,0.5,4,0.5,1,1
Toxicroak,poison,fighting,106,0.25,0.5,1,1,1,0.5,1,2,1,0.5,2,1,1,0.5,4,0.5,1,1
Carnivine,grass,,100,2,1,1,0.5,1,1,2,2,1,0.5,0.5,2,1,2,1,1,1,0.5
Finneon,water,,49,1,1,1,2,1,1,0.5,1,1,2,1,0.5,1,1,1,1,0.5,0.5
Lumineon,water,,69,1,1,1,2,1,1,0.5,1,1,2,1,0.5,1,1,1,1,0.5,0.5
Mantyke,water,flying,20,0.5,1,1,4,1,0.5,0.5,1,1,1,0,1,1,1,1,2,0.5,0.5
Snover,grass,ice,62,2,1,1,0.5,1,2,4,2,1,0.5,0.5,1,1,2,1,2,2,0.5
Abomasnow,grass,ice,132,2,1,1,0.5,1,2,4,2,1,0.5,0.5,1,1,2,1,2,2,0.5
Weavile,dark,ice,120,2,0.5,1,1,2,4,2,1,0.5,1,1,0.5,1,1,0,2,2,1
Magnezone,electric,steel,70,0.5,1,0.5,0.5,0.5,2,2,0.25,1,0.5,4,0.5,0.5,0,0.5,0.5,0.25,1
Lickilicky,normal,,85,1,1,1,1,1,2,1,1,0,1,1,1,1,1,1,1,1,1
Rhyperior,ground,rock,140,1,1,1,0,1,2,0.5,0.5,1,4,2,2,0.5,0.25,1,0.5,2,4
Tangrowth,grass,,100,2,1,1,0.5,1,1,2,2,1,0.5,0.5,2,1,2,1,1,1,0.5
Electivire,electric,,123,1,1,1,0.5,1,1,1,0.5,1,1,2,1,1,1,1,1,0.5,1
Magmortar,fire,,95,0.5,1,1,1,0.5,1,0.5,1,1,0.5,2,0.5,1,1,1,2,0.5,2
Togekiss,fairy,flying,50,0.25,0.5,0,2,1,0.25,1,1,1,0.5,0,2,1,2,1,2,2,1
Yanmega,bug,flying,76,0.5,1,1,2,1,0.25,2,2,1,0.25,0,2,1,1,1,4,1,1
Leafeon,grass,,110,2,1,1,0.5,1,1,2,2,1,0.5,0.5,2,1,2,1,1,1,0.5
Glaceon,ice,,60,1,1,1,1,1,2,2,1,1,1,1,0.5,1,1,1,2,2,1
Gliscor,ground,flying,95,0.5,1,1,0,1,0.5,1,1,1,1,0,4,1,0.5,1,1,1,2
Mamoswine,ice,ground,130,1,1,1,0,1,2,2,1,1,2,1,1,1,0.5,1,1,2,2
Porygon-Z,normal,,80,1,1,1,1,1,2,1,1,0,1,1,1,1,1,1,1,1,1
Gallade,psychic,fighting,165,1,1,1,1,2,0.5,1,2,2,1,1,1,1,1,1,0.5,1,1
Probopass,rock,steel,55,0.5,1,0.5,1,0.5,4,1,0.25,1,1,4,0.5,0.25,0,0.5,0.5,1,2
Dusknoir,ghost,,100,0.5,2,1,1,1,0,1,1,2,1,1,1,0,0.5,1,1,1,1
Froslass,ice,ghost,80,0.5,2,1,1,1,0,2,1,2,1,1,0.5,0,0.5,1,2,2,1
Rotom,electric,ghost,65,0.5,2,1,0.5,1,0,1,0.5,2,1,2,1,0,0.5,1,1,0.5,1
Uxie,psychic,,75,2,2,1,1,1,0.5,1,1,2,1,1,1,1,1,0.5,1,1,1
Mesprit,psychic,,105,2,2,1,1,1,0.5,1,1,2,1,1,1,1,1,0.5,1,1,1
Azelf,psychic,,125,2,2,1,1,1,0.5,1,1,2,1,1,1,1,1,0.5,1,1,1
Dialga,steel,dragon,120,0.5,1,1,0.5,1,2,1,0.5,1,0.25,2,1,0.5,0,0.5,0.5,0.5,0.5
Palkia,water,dragon,120,1,1,2,1,2,1,0.25,1,1,1,1,1,1,1,1,1,0.5,0.25
Heatran,fire,steel,90,0.25,1,0.5,1,0.25,2,1,0.5,1,0.25,4,0.25,0.5,0,0.5,1,0.25,2
Regigigas,normal,,160,1,1,1,1,1,2,1,1,0,1,1,1,1,1,1,1,1,1
Giratina,ghost,dragon,120,0.5,2,2,0.5,2,0,0.5,1,2,0.5,1,2,0,0.5,1,1,1,0.5
Cresselia,psychic,,70,2,2,1,1,1,0.5,1,1,2,1,1,1,1,1,0.5,1,1,1
Phione,water,,80,1,1,1,2,1,1,0.5,1,1,2,1,0.5,1,1,1,1,0.5,0.5
Manaphy,water,,100,1,1,1,2,1,1,0.5,1,1,2,1,0.5,1,1,1,1,0.5,0.5
Darkrai,dark,,90,2,0.5,1,1,2,2,1,1,0.5,1,1,1,1,1,0,1,1,1
Shaymin,grass,grass,103,2,1,1,0.5,1,1,2,2,1,0.5,0.5,2,1,2,1,1,1,0.5
Arceus,normal,,120,1,1,1,1,1,2,1,1,0,1,1,1,1,1,1,1,1,1
Victini,psychic,fire,100,1,2,1,1,0.5,0.5,0.5,1,2,0.5,2,0.5,1,1,0.5,2,0.5,2
Snivy,grass,,45,2,1,1,0.5,1,1,2,2,1,0.5,0.5,2,1,2,1,1,1,0.5
Servine,grass,,60,2,1,1,0.5,1,1,2,2,1,0.5,0.5,2,1,2,1,1,1,0.5
Serperior,grass,,75,2,1,1,0.5,1,1,2,2,1,0.5,0.5,2,1,2,1,1,1,0.5
Tepig,fire,,63,0.5,1,1,1,0.5,1,0.5,1,1,0.5,2,0.5,1,1,1,2,0.5,2
Pignite,fire,fighting,93,0.25,0.5,1,1,1,1,0.5,2,1,0.5,2,0.5,1,1,2,1,0.5,2
Emboar,fire,fighting,123,0.25,0.5,1,1,1,1,0.5,2,1,0.5,2,0.5,1,1,2,1,0.5,2
Oshawott,water,,55,1,1,1,2,1,1,0.5,1,1,2,1,0.5,1,1,1,1,0.5,0.5
Dewott,water,,75,1,1,1,2,1,1,0.5,1,1,2,1,0.5,1,1,1,1,0.5,0.5
Samurott,water,,100,1,1,1,2,1,1,0.5,1,1,2,1,0.5,1,1,1,1,0.5,0.5
Patrat,normal,,55,1,1,1,1,1,2,1,1,0,1,1,1,1,1,1,1,1,1
Watchog,normal,,85,1,1,1,1,1,2,1,1,0,1,1,1,1,1,1,1,1,1
Lillipup,normal,,60,1,1,1,1,1,2,1,1,0,1,1,1,1,1,1,1,1,1
Herdier,normal,,80,1,1,1,1,1,2,1,1,0,1,1,1,1,1,1,1,1,1
Stoutland,normal,,110,1,1,1,1,1,2,1,1,0,1,1,1,1,1,1,1,1,1
Purrloin,dark,,50,2,0.5,1,1,2,2,1,1,0.5,1,1,1,1,1,0,1,1,1
Liepard,dark,,88,2,0.5,1,1,2,2,1,1,0.5,1,1,1,1,1,0,1,1,1
Pansage,grass,,53,2,1,1,0.5,1,1,2,2,1,0.5,0.5,2,1,2,1,1,1,0.5
Simisage,grass,,98,2,1,1,0.5,1,1,2,2,1,0.5,0.5,2,1,2,1,1,1,0.5
Pansear,fire,,53,0.5,1,1,1,0.5,1,0.5,1,1,0.5,2,0.5,1,1,1,2,0.5,2
Simisear,fire,,98,0.5,1,1,1,0.5,1,0.5,1,1,0.5,2,0.5,1,1,1,2,0.5,2
Panpour,water,,53,1,1,1,2,1,1,0.5,1,1,2,1,0.5,1,1,1,1,0.5,0.5
Simipour,water,,98,1,1,1,2,1,1,0.5,1,1,2,1,0.5,1,1,1,1,0.5,0.5
Munna,psychic,,25,2,2,1,1,1,0.5,1,1,2,1,1,1,1,1,0.5,1,1,1
Musharna,psychic,,55,2,2,1,1,1,0.5,1,1,2,1,1,1,1,1,0.5,1,1,1
Pidove,normal,flying,55,0.5,1,1,2,1,1,1,1,0,0.5,0,2,1,1,1,2,1,1
Tranquill,normal,flying,77,0.5,1,1,2,1,1,1,1,0,0.5,0,2,1,1,1,2,1,1
Unfezant,normal,flying,115,0.5,1,1,2,1,1,1,1,0,0.5,0,2,1,1,1,2,1,1
Blitzle,electric,,60,1,1,1,0.5,1,1,1,0.5,1,1,2,1,1,1,1,1,0.5,1
Zebstrika,electric,,100,1,1,1,0.5,1,1,1,0.5,1,1,2,1,1,1,1,1,0.5,1
Roggenrola,rock,,75,1,1,1,1,1,2,0.5,0.5,1,2,2,1,0.5,0.5,1,1,2,2
Boldore,rock,,105,1,1,1,1,1,2,0.5,0.5,1,2,2,1,0.5,0.5,1,1,2,2
Gigalith,rock,,135,1,1,1,1,1,2,0.5,0.5,1,2,2,1,0.5,0.5,1,1,2,2
Woobat,psychic,flying,45,1,2,1,2,1,0.25,1,1,2,0.5,0,2,1,1,0.5,2,1,1
Swoobat,psychic,flying,57,1,2,1,2,1,0.25,1,1,2,0.5,0,2,1,1,0.5,2,1,1
Drilbur,ground,,85,1,1,1,0,1,1,1,1,1,2,1,2,1,0.5,1,0.5,1,2
Excadrill,ground,steel,135,0.5,1,0.5,0,0.5,2,2,0.5,1,1,2,1,0.5,0,0.5,0.25,0.5,2
Audino,normal,,60,1,1,1,1,1,2,1,1,0,1,1,1,1,1,1,1,1,1
Timburr,fighting,,80,0.5,0.5,1,1,2,1,1,2,1,1,1,1,1,1,2,0.5,1,1
Gurdurr,fighting,,105,0.5,0.5,1,1,2,1,1,2,1,1,1,1,1,1,2,0.5,1,1
Conkeldurr,fighting,,140,0.5,0.5,1,1,2,1,1,2,1,1,1,1,1,1,2,0.5,1,1
Tympole,water,,50,1,1,1,2,1,1,0.5,1,1,2,1,0.5,1,1,1,1,0.5,0.5
Palpitoad,water,ground,65,1,1,1,0,1,1,0.5,1,1,4,1,1,1,0.5,1,0.5,0.5,1
Seismitoad,water,ground,95,1,1,1,0,1,1,0.5,1,1,4,1,1,1,0.5,1,0.5,0.5,1
Throh,fighting,,100,0.5,0.5,1,1,2,1,1,2,1,1,1,1,1,1,2,0.5,1,1
Sawk,fighting,,125,0.5,0.5,1,1,2,1,1,2,1,1,1,1,1,1,2,0.5,1,1
Sewaddle,bug,grass,53,2,1,1,0.5,1,0.5,4,4,1,0.25,0.25,2,1,2,1,2,1,0.5
Swadloon,bug,grass,63,2,1,1,0.5,1,0.5,4,4,1,0.25,0.25,2,1,2,1,2,1,0.5
Leavanny,bug,grass,103,2,1,1,0.5,1,0.5,4,4,1,0.25,0.25,2,1,2,1,2,1,0.5
Venipede,bug,poison,45,0.5,1,1,1,0.5,0.25,2,2,1,0.25,1,1,1,0.5,2,2,1,1
Whirlipede,bug,poison,55,0.5,1,1,1,0.5,0.25,2,2,1,0.25,1,1,1,0.5,2,2,1,1
Scolipede,bug,poison,100,0.5,1,1,1,0.5,0.25,2,2,1,0.25,1,1,1,0.5,2,2,1,1
Cottonee,grass,fairy,27,1,0.5,0,0.5,1,0.5,2,2,1,0.5,0.5,2,1,4,1,1,2,0.5
Whimsicott,grass,fairy,67,1,0.5,0,0.5,1,0.5,2,2,1,0.5,0.5,2,1,4,1,1,2,0.5
Petilil,grass,,35,2,1,1,0.5,1,1,2,2,1,0.5,0.5,2,1,2,1,1,1,0.5
Lilligant,grass,,60,2,1,1,0.5,1,1,2,2,1,0.5,0.5,2,1,2,1,1,1,0.5
Basculin,water,,92,1,1,1,2,1,1,0.5,1,1,2,1,0.5,1,1,1,1,0.5,0.5
Sandile,ground,dark,72,2,0.5,1,0,2,2,1,1,0.5,2,1,2,1,0.5,0,0.5,1,2
Krokorok,ground,dark,82,2,0.5,1,0,2,2,1,1,0.5,2,1,2,1,0.5,0,0.5,1,2
Krookodile,ground,dark,117,2,0.5,1,0,2,2,1,1,0.5,2,1,2,1,0.5,0,0.5,1,2
Darumaka,fire,,90,0.5,1,1,1,0.5,1,0.5,1,1,0.5,2,0.5,1,1,1,2,0.5,2
Darmanitan,fire,fire,30,0.5,1,1,1,0.5,1,0.5,1,1,0.5,2,0.5,1,1,1,2,0.5,2
Maractus,grass,,86,2,1,1,0.5,1,1,2,2,1,0.5,0.5,2,1,2,1,1,1,0.5
Dwebble,bug,rock,65,1,1,1,1,1,1,1,1,1,1,1,1,0.5,0.5,1,2,2,2
Crustle,bug,rock,105,1,1,1,1,1,1,1,1,1,1,1,1,0.5,0.5,1,2,2,2
Scraggy,dark,fighting,75,1,0.25,1,1,4,2,1,2,0.5,1,1,1,1,1,0,0.5,1,1
Scrafty,dark,fighting,90,1,0.25,1,1,4,2,1,2,0.5,1,1,1,1,1,0,0.5,1,1
Sigilyph,psychic,flying,58,1,2,1,2,1,0.25,1,1,2,0.5,0,2,1,1,0.5,2,1,1
Yamask,ghost,,30,0.5,2,1,1,1,0,1,1,2,1,1,1,0,0.5,1,1,1,1
Cofagrigus,ghost,,50,0.5,2,1,1,1,0,1,1,2,1,1,1,0,0.5,1,1,1,1
Tirtouga,water,rock,78,1,1,1,2,1,2,0.25,0.5,1,4,2,0.5,0.5,0.5,1,1,1,1
Carracosta,water,rock,108,1,1,1,2,1,2,0.25,0.5,1,4,2,0.5,0.5,0.5,1,1,1,1
Archen,rock,flying,112,0.5,1,1,2,1,1,0.5,0.5,1,1,0,2,0.5,0.5,1,2,2,2
Archeops,rock,flying,140,0.5,1,1,2,1,1,0.5,0.5,1,1,0,2,0.5,0.5,1,2,2,2
Trubbish,poison,,50,0.5,1,1,1,0.5,0.5,1,1,1,0.5,2,1,1,0.5,2,1,1,1
Garbodor,poison,,95,0.5,1,1,1,0.5,0.5,1,1,1,0.5,2,1,1,0.5,2,1,1,1
Zorua,dark,,65,2,0.5,1,1,2,2,1,1,0.5,1,1,1,1,1,0,1,1,1
Zoroark,dark,,105,2,0.5,1,1,2,2,1,1,0.5,1,1,1,1,1,0,1,1,1
Minccino,normal,,50,1,1,1,1,1,2,1,1,0,1,1,1,1,1,1,1,1,1
Cinccino,normal,,95,1,1,1,1,1,2,1,1,0,1,1,1,1,1,1,1,1,1
Gothita,psychic,,30,2,2,1,1,1,0.5,1,1,2,1,1,1,1,1,0.5,1,1,1
Gothorita,psychic,,45,2,2,1,1,1,0.5,1,1,2,1,1,1,1,1,0.5,1,1,1
Gothitelle,psychic,,55,2,2,1,1,1,0.5,1,1,2,1,1,1,1,1,0.5,1,1,1
Solosis,psychic,,30,2,2,1,1,1,0.5,1,1,2,1,1,1,1,1,0.5,1,1,1
Duosion,psychic,,40,2,2,1,1,1,0.5,1,1,2,1,1,1,1,1,0.5,1,1,1
Reuniclus,psychic,,65,2,2,1,1,1,0.5,1,1,2,1,1,1,1,1,0.5,1,1,1
Ducklett,water,flying,44,0.5,1,1,4,1,0.5,0.5,1,1,1,0,1,1,1,1,2,0.5,0.5
Swanna,water,flying,87,0.5,1,1,4,1,0.5,0.5,1,1,1,0,1,1,1,1,2,0.5,0.5
Vanillite,ice,,50,1,1,1,1,1,2,2,1,1,1,1,0.5,1,1,1,2,2,1
Vanillish,ice,,65,1,1,1,1,1,2,2,1,1,1,1,0.5,1,1,1,2,2,1
Vanilluxe,ice,,95,1,1,1,1,1,2,2,1,1,1,1,0.5,1,1,1,2,2,1
Deerling,normal,grass,60,2,1,1,0.5,1,2,2,2,0,0.5,0.5,2,1,2,1,1,1,0.5
Sawsbuck,normal,grass,100,2,1,1,0.5,1,2,2,2,0,0.5,0.5,2,1,2,1,1,1,0.5
Emolga,electric,flying,75,0.5,1,1,1,1,0.5,1,0.5,1,0.5,0,2,1,1,1,2,0.5,1
Karrablast,bug,,75,1,1,1,1,1,0.5,2,2,1,0.5,0.5,1,1,1,1,2,1,1
Escavalier,bug,steel,135,0.5,1,0.5,1,0.5,1,4,1,1,0.25,1,0.5,0.5,0,0.5,1,0.5,1
Foongus,grass,poison,55,1,1,1,0.5,0.5,0.5,2,2,1,0.25,1,2,1,1,2,1,1,0.5
Amoonguss,grass,poison,85,1,1,1,0.5,0.5,0.5,2,2,1,0.25,1,2,1,1,2,1,1,0.5
Frillish,water,ghost,40,0.5,2,1,2,1,0,0.5,1,2,2,1,0.5,0,0.5,1,1,0.5,0.5
Jellicent,water,ghost,60,0.5,2,1,2,1,0,0.5,1,2,2,1,0.5,0,0.5,1,1,0.5,0.5
Alomomola,water,,75,1,1,1,2,1,1,0.5,1,1,2,1,0.5,1,1,1,1,0.5,0.5
Joltik,bug,electric,47,1,1,1,0.5,1,0.5,2,1,1,0.5,1,1,1,1,1,2,0.5,1
Galvantula,bug,electric,77,1,1,1,0.5,1,0.5,2,1,1,0.5,1,1,1,1,1,2,0.5,1
Ferroseed,grass,steel,50,1,1,0.5,0.5,0.5,2,4,1,1,0.25,1,1,0.5,0,0.5,0.5,0.5,0.5
Ferrothorn,grass,steel,94,1,1,0.5,0.5,0.5,2,4,1,1,0.25,1,1,0.5,0,0.5,0.5,0.5,0.5
Klink,steel,,55,0.5,1,0.5,1,0.5,2,2,0.5,1,0.5,2,0.5,0.5,0,0.5,0.5,0.5,1
Klang,steel,,80,0.5,1,0.5,1,0.5,2,2,0.5,1,0.5,2,0.5,0.5,0,0.5,0.5,0.5,1
Klinklang,steel,,100,0.5,1,0.5,1,0.5,2,2,0.5,1,0.5,2,0.5,0.5,0,0.5,0.5,0.5,1
Tynamo,electric,,55,1,1,1,0.5,1,1,1,0.5,1,1,2,1,1,1,1,1,0.5,1
Eelektrik,electric,,85,1,1,1,0.5,1,1,1,0.5,1,1,2,1,1,1,1,1,0.5,1
Eelektross,electric,,115,1,1,1,0.5,1,1,1,0.5,1,1,2,1,1,1,1,1,0.5,1
Elgyem,psychic,,55,2,2,1,1,1,0.5,1,1,2,1,1,1,1,1,0.5,1,1,1
Beheeyem,psychic,,75,2,2,1,1,1,0.5,1,1,2,1,1,1,1,1,0.5,1,1,1
Litwick,ghost,fire,30,0.25,2,1,1,0.5,0,0.5,1,2,0.5,2,0.5,0,0.5,1,2,0.5,2
Lampent,ghost,fire,40,0.25,2,1,1,0.5,0,0.5,1,2,0.5,2,0.5,0,0.5,1,2,0.5,2
Chandelure,ghost,fire,55,0.25,2,1,1,0.5,0,0.5,1,2,0.5,2,0.5,0,0.5,1,2,0.5,2
Axew,dragon,,87,1,1,2,0.5,2,1,0.5,1,1,0.5,1,2,1,1,1,1,1,0.5
Fraxure,dragon,,117,1,1,2,0.5,2,1,0.5,1,1,0.5,1,2,1,1,1,1,1,0.5
Haxorus,dragon,,147,1,1,2,0.5,2,1,0.5,1,1,0.5,1,2,1,1,1,1,1,0.5
Cubchoo,ice,,70,1,1,1,1,1,2,2,1,1,1,1,0.5,1,1,1,2,2,1
Beartic,ice,,130,1,1,1,1,1,2,2,1,1,1,1,0.5,1,1,1,2,2,1
Cryogonal,ice,,50,1,1,1,1,1,2,2,1,1,1,1,0.5,1,1,1,2,2,1
Shelmet,bug,,40,1,1,1,1,1,0.5,2,2,1,0.5,0.5,1,1,1,1,2,1,1
Accelgor,bug,,70,1,1,1,1,1,0.5,2,2,1,0.5,0.5,1,1,1,1,2,1,1
Stunfisk,ground,electric,66,1,1,1,0,1,1,1,0.5,1,2,2,2,1,0.5,1,0.5,0.5,2
Mienfoo,fighting,,85,0.5,0.5,1,1,2,1,1,2,1,1,1,1,1,1,2,0.5,1,1
Mienshao,fighting,,125,0.5,0.5,1,1,2,1,1,2,1,1,1,1,1,1,2,0.5,1,1
Druddigon,dragon,,120,1,1,2,0.5,2,1,0.5,1,1,0.5,1,2,1,1,1,1,1,0.5
Golett,ground,ghost,74,0.5,2,1,0,1,0,1,1,2,2,1,2,0,0.25,1,0.5,1,2
Golurk,ground,ghost,124,0.5,2,1,0,1,0,1,1,2,2,1,2,0,0.25,1,0.5,1,2
Pawniard,dark,steel,85,1,0.5,0.5,1,1,4,2,0.5,0.5,0.5,2,0.5,0.5,0,0,0.5,0.5,1
Bisharp,dark,steel,125,1,0.5,0.5,1,1,4,2,0.5,0.5,0.5,2,0.5,0.5,0,0,0.5,0.5,1
Bouffalant,normal,,110,1,1,1,1,1,2,1,1,0,1,1,1,1,1,1,1,1,1
Rufflet,normal,flying,83,0.5,1,1,2,1,1,1,1,0,0.5,0,2,1,1,1,2,1,1
Braviary,normal,flying,123,0.5,1,1,2,1,1,1,1,0,0.5,0,2,1,1,1,2,1,1
Vullaby,dark,flying,55,1,0.5,1,2,2,1,1,1,0.5,0.5,0,2,1,1,0,2,1,1
Mandibuzz,dark,flying,65,1,0.5,1,2,2,1,1,1,0.5,0.5,0,2,1,1,0,2,1,1
Heatmor,fire,,97,0.5,1,1,1,0.5,1,0.5,1,1,0.5,2,0.5,1,1,1,2,0.5,2
Durant,bug,steel,109,0.5,1,0.5,1,0.5,1,4,1,1,0.25,1,0.5,0.5,0,0.5,1,0.5,1
Deino,dark,dragon,65,2,0.5,2,0.5,4,2,0.5,1,0.5,0.5,1,2,1,1,0,1,1,0.5
Zweilous,dark,dragon,85,2,0.5,2,0.5,4,2,0.5,1,0.5,0.5,1,2,1,1,0,1,1,0.5
Hydreigon,dark,dragon,105,2,0.5,2,0.5,4,2,0.5,1,0.5,0.5,1,2,1,1,0,1,1,0.5
Larvesta,bug,fire,85,0.5,1,1,1,0.5,0.5,1,2,1,0.25,1,0.5,1,1,1,4,0.5,2
Volcarona,bug,fire,60,0.5,1,1,1,0.5,0.5,1,2,1,0.25,1,0.5,1,1,1,4,0.5,2
Cobalion,steel,fighting,90,0.25,0.5,0.5,1,1,2,2,1,1,0.5,2,0.5,0.5,0,1,0.25,0.5,1
Terrakion,rock,fighting,129,0.5,0.5,1,1,2,2,0.5,1,1,2,2,1,0.5,0.5,2,0.5,2,2
Virizion,grass,fighting,90,1,0.5,1,0.5,2,1,2,4,1,0.5,0.5,2,1,2,2,0.5,1,0.5
Tornadus,flying,,100,0.5,1,1,2,1,0.5,1,1,1,0.5,0,2,1,1,1,2,1,1
Thundurus,electric,flying,105,0.5,1,1,1,1,0.5,1,0.5,1,0.5,0,2,1,1,1,2,0.5,1
Reshiram,dragon,fire,120,0.5,1,2,0.5,1,1,0.25,1,1,0.25,2,1,1,1,1,2,0.5,1
Zekrom,dragon,electric,150,1,1,2,0.25,2,1,0.5,0.5,1,0.5,2,2,1,1,1,1,0.5,0.5
Landorus,ground,flying,145,0.5,1,1,0,1,0.5,1,1,1,1,0,4,1,0.5,1,1,1,2
Kyurem,dragon,ice,120,1,1,2,0.5,2,2,1,1,1,0.5,1,1,1,1,1,2,2,0.5
Keldeo,water,fighting,72,0.5,0.5,1,2,2,1,0.5,2,1,2,1,0.5,1,1,2,0.5,0.5,0.5
Meloetta,normal,psychic,128,2,2,1,1,1,1,1,1,0,1,1,1,1,1,0.5,1,1,1
Genesect,bug,steel,120,0.5,1,0.5,1,0.5,1,4,1,1,0.25,1,0.5,0.5,0,0.5,1,0.5,1
Chespin,grass,,61,2,1,1,0.5,1,1,2,2,1,0.5,0.5,2,1,2,1,1,1,0.5
Quilladin,grass,,78,2,1,1,0.5,1,1,2,2,1,0.5,0.5,2,1,2,1,1,1,0.5
Chesnaught,grass,fighting,107,1,0.5,1,0.5,2,1,2,4,1,0.5,0.5,2,1,2,2,0.5,1,0.5
Fennekin,fire,,45,0.5,1,1,1,0.5,1,0.5,1,1,0.5,2,0.5,1,1,1,2,0.5,2
Braixen,fire,,59,0.5,1,1,1,0.5,1,0.5,1,1,0.5,2,0.5,1,1,1,2,0.5,2
Delphox,fire,psychic,69,1,2,1,1,0.5,0.5,0.5,1,2,0.5,2,0.5,1,1,0.5,2,0.5,2
Froakie,water,,56,1,1,1,2,1,1,0.5,1,1,2,1,0.5,1,1,1,1,0.5,0.5
Frogadier,water,,63,1,1,1,2,1,1,0.5,1,1,2,1,0.5,1,1,1,1,0.5,0.5
Greninja,water,dark,145,2,0.5,1,2,2,2,0.5,1,0.5,2,1,0.5,1,1,0,1,0.5,0.5
Bunnelby,normal,,36,1,1,1,1,1,2,1,1,0,1,1,1,1,1,1,1,1,1
Diggersby,normal,ground,56,1,1,1,0,1,2,1,1,0,2,1,2,1,0.5,1,0.5,1,2
Fletchling,normal,flying,50,0.5,1,1,2,1,1,1,1,0,0.5,0,2,1,1,1,2,1,1
Fletchinder,fire,flying,73,0.25,1,1,2,0.5,0.5,0.5,1,1,0.25,0,1,1,1,1,4,0.5,2
Talonflame,fire,flying,81,0.25,1,1,2,0.5,0.5,0.5,1,1,0.25,0,1,1,1,1,4,0.5,2
Scatterbug,bug,,35,1,1,1,1,1,0.5,2,2,1,0.5,0.5,1,1,1,1,2,1,1
Spewpa,bug,,22,1,1,1,1,1,0.5,2,2,1,0.5,0.5,1,1,1,1,2,1,1
Vivillon,bug,flying,52,0.5,1,1,2,1,0.25,2,2,1,0.25,0,2,1,1,1,4,1,1
Litleo,fire,normal,50,0.5,1,1,1,0.5,2,0.5,1,0,0.5,2,0.5,1,1,1,2,0.5,2
Pyroar,fire,normal,68,0.5,1,1,1,0.5,2,0.5,1,0,0.5,2,0.5,1,1,1,2,0.5,2
Flabébé,fairy,,38,0.5,0.5,0,1,1,0.5,1,1,1,1,1,1,1,2,1,1,2,1
Floette,fairy,,65,0.5,0.5,0,1,1,0.5,1,1,1,1,1,1,1,2,1,1,2,1
Florges,fairy,,65,0.5,0.5,0,1,1,0.5,1,1,1,1,1,1,1,2,1,1,2,1
Skiddo,grass,,65,2,1,1,0.5,1,1,2,2,1,0.5,0.5,2,1,2,1,1,1,0.5
Gogoat,grass,,100,2,1,1,0.5,1,1,2,2,1,0.5,0.5,2,1,2,1,1,1,0.5
Pancham,fighting,,82,0.5,0.5,1,1,2,1,1,2,1,1,1,1,1,1,2,0.5,1,1
Pangoro,fighting,dark,124,1,0.25,1,1,4,2,1,2,0.5,1,1,1,1,1,0,0.5,1,1
Furfrou,normal,,80,1,1,1,1,1,2,1,1,0,1,1,1,1,1,1,1,1,1
Espurr,psychic,,48,2,2,1,1,1,0.5,1,1,2,1,1,1,1,1,0.5,1,1,1
Meowstic,psychic,,48,2,2,1,1,1,0.5,1,1,2,1,1,1,1,1,0.5,1,1,1
Honedge,steel,ghost,80,0.25,2,0.5,1,0.5,0,2,0.5,2,0.5,2,0.5,0,0,0.5,0.5,0.5,1
Doublade,steel,ghost,110,0.25,2,0.5,1,0.5,0,2,0.5,2,0.5,2,0.5,0,0,0.5,0.5,0.5,1
Aegislash,steel,ghost,150,0.25,2,0.5,1,0.5,0,2,0.5,2,0.5,2,0.5,0,0,0.5,0.5,0.5,1
Spritzee,fairy,,52,0.5,0.5,0,1,1,0.5,1,1,1,1,1,1,1,2,1,1,2,1
Aromatisse,fairy,,72,0.5,0.5,0,1,1,0.5,1,1,1,1,1,1,1,2,1,1,2,1
Swirlix,fairy,,48,0.5,0.5,0,1,1,0.5,1,1,1,1,1,1,1,2,1,1,2,1
Slurpuff,fairy,,80,0.5,0.5,0,1,1,0.5,1,1,1,1,1,1,1,2,1,1,2,1
Inkay,dark,psychic,54,4,1,1,1,2,1,1,1,1,1,1,1,1,1,0,1,1,1
Malamar,dark,psychic,92,4,1,1,1,2,1,1,1,1,1,1,1,1,1,0,1,1,1
Binacle,rock,water,52,1,1,1,2,1,2,0.25,0.5,1,4,2,0.5,0.5,0.5,1,1,1,1
Barbaracle,rock,water,105,1,1,1,2,1,2,0.25,0.5,1,4,2,0.5,0.5,0.5,1,1,1,1
Skrelp,poison,water,60,0.5,1,1,2,0.5,0.5,0.5,1,1,1,2,0.5,1,0.5,2,1,0.5,0.5
Dragalge,poison,dragon,75,0.5,1,2,0.5,1,0.5,0.5,1,1,0.25,2,2,1,0.5,2,1,1,0.5
Clauncher,water,,53,1,1,1,2,1,1,0.5,1,1,2,1,0.5,1,1,1,1,0.5,0.5
Clawitzer,water,,73,1,1,1,2,1,1,0.5,1,1,2,1,0.5,1,1,1,1,0.5,0.5
Helioptile,electric,normal,38,1,1,1,0.5,1,2,1,0.5,0,1,2,1,1,1,1,1,0.5,1
Heliolisk,electric,normal,55,1,1,1,0.5,1,2,1,0.5,0,1,2,1,1,1,1,1,0.5,1
Tyrunt,rock,dragon,89,1,1,2,0.5,2,2,0.25,0.5,1,1,2,2,0.5,0.5,1,1,2,1
Tyrantrum,rock,dragon,121,1,1,2,0.5,2,2,0.25,0.5,1,1,2,2,0.5,0.5,1,1,2,1
Amaura,rock,ice,59,1,1,1,1,1,4,1,0.5,1,2,2,0.5,0.5,0.5,1,2,4,2
Aurorus,rock,ice,77,1,1,1,1,1,4,1,0.5,1,2,2,0.5,0.5,0.5,1,2,4,2
Sylveon,fairy,,65,0.5,0.5,0,1,1,0.5,1,1,1,1,1,1,1,2,1,1,2,1
Hawlucha,fighting,flying,92,0.25,0.5,1,2,2,0.5,1,2,1,0.5,0,2,1,1,2,1,1,1
Dedenne,electric,fairy,58,0.5,0.5,0,0.5,1,0.5,1,0.5,1,1,2,1,1,2,1,1,1,1
Carbink,rock,fairy,50,0.5,0.5,0,1,1,1,0.5,0.5,1,2,2,1,0.5,1,1,1,4,2
Goomy,dragon,,50,1,1,2,0.5,2,1,0.5,1,1,0.5,1,2,1,1,1,1,1,0.5
Sliggoo,dragon,,75,1,1,2,0.5,2,1,0.5,1,1,0.5,1,2,1,1,1,1,1,0.5
Goodra,dragon,,100,1,1,2,0.5,2,1,0.5,1,1,0.5,1,2,1,1,1,1,1,0.5
Klefki,steel,fairy,80,0.25,0.5,0,1,0.5,1,2,0.5,1,0.5,2,0.5,0.5,0,0.5,0.5,1,1
Phantump,ghost,grass,70,1,2,1,0.5,1,0,2,2,2,0.5,0.5,2,0,1,1,1,1,0.5
Trevenant,ghost,grass,110,1,2,1,0.5,1,0,2,2,2,0.5,0.5,2,0,1,1,1,1,0.5
Pumpkaboo,ghost,grass,66,1,2,1,0.5,1,0,2,2,2,0.5,0.5,2,0,1,1,1,1,0.5
Gourgeist,ghost,grass,100,1,2,1,0.5,1,0,2,2,2,0.5,0.5,2,0,1,1,1,1,0.5
Bergmite,ice,,69,1,1,1,1,1,2,2,1,1,1,1,0.5,1,1,1,2,2,1
Avalugg,ice,,117,1,1,1,1,1,2,2,1,1,1,1,0.5,1,1,1,2,2,1
Noibat,flying,dragon,30,0.5,1,2,1,2,0.5,0.5,1,1,0.25,0,4,1,1,1,2,1,0.5
Noivern,flying,dragon,70,0.5,1,2,1,2,0.5,0.5,1,1,0.25,0,4,1,1,1,2,1,0.5
Xerneas,fairy,,131,0.5,0.5,0,1,1,0.5,1,1,1,1,1,1,1,2,1,1,2,1
Yveltal,dark,flying,131,1,0.5,1,2,2,1,1,1,0.5,0.5,0,2,1,1,0,2,1,1
Zygarde,dragon,ground,100,1,1,2,0,2,1,0.5,1,1,1,1,4,1,0.5,1,0.5,1,1
Diancie,rock,fairy,160,0.5,0.5,0,1,1,1,0.5,0.5,1,2,2,1,0.5,1,1,1,4,2
Hoopa,psychic,ghost,160,1,4,1,1,1,0,1,1,4,1,1,1,0,0.5,0.5,1,1,1
Volcanion,fire,water,110,0.5,1,1,2,0.5,1,0.25,1,1,1,2,0.25,1,1,1,2,0.25,1
Rowlet,grass,flying,55,1,1,1,1,1,0.5,2,2,1,0.25,0,4,1,2,1,2,1,0.5
Dartrix,grass,flying,75,1,1,1,1,1,0.5,2,2,1,0.25,0,4,1,2,1,2,1,0.5
Decidueye,grass,ghost,107,1,2,1,0.5,1,0,2,2,2,0.5,0.5,2,0,1,1,1,1,0.5
Litten,fire,,65,0.5,1,1,1,0.5,1,0.5,1,1,0.5,2,0.5,1,1,1,2,0.5,2
Torracat,fire,,85,0.5,1,1,1,0.5,1,0.5,1,1,0.5,2,0.5,1,1,1,2,0.5,2
Incineroar,fire,dark,115,1,0.5,1,1,1,2,0.5,1,0.5,0.5,2,0.5,1,1,0,2,0.5,2
Popplio,water,,54,1,1,1,2,1,1,0.5,1,1,2,1,0.5,1,1,1,1,0.5,0.5
Brionne,water,,69,1,1,1,2,1,1,0.5,1,1,2,1,0.5,1,1,1,1,0.5,0.5
Primarina,water,fairy,74,0.5,0.5,0,2,1,0.5,0.5,1,1,2,1,0.5,1,2,1,1,1,0.5
Pikipek,normal,flying,75,0.5,1,1,2,1,1,1,1,0,0.5,0,2,1,1,1,2,1,1
Trumbeak,normal,flying,85,0.5,1,1,2,1,1,1,1,0,0.5,0,2,1,1,1,2,1,1
Toucannon,normal,flying,120,0.5,1,1,2,1,1,1,1,0,0.5,0,2,1,1,1,2,1,1
Yungoos,normal,,70,1,1,1,1,1,2,1,1,0,1,1,1,1,1,1,1,1,1
Gumshoos,normal,,110,1,1,1,1,1,2,1,1,0,1,1,1,1,1,1,1,1,1
Grubbin,bug,,62,1,1,1,1,1,0.5,2,2,1,0.5,0.5,1,1,1,1,2,1,1
Charjabug,bug,electric,82,1,1,1,0.5,1,0.5,2,1,1,0.5,1,1,1,1,1,2,0.5,1
Vikavolt,bug,electric,70,1,1,1,0.5,1,0.5,2,1,1,0.5,1,1,1,1,1,2,0.5,1
Crabrawler,fighting,,82,0.5,0.5,1,1,2,1,1,2,1,1,1,1,1,1,2,0.5,1,1
Crabominable,fighting,ice,132,0.5,0.5,1,1,2,2,2,2,1,1,1,0.5,1,1,2,1,2,1
Oricorio,fire,flying,70,0.25,1,1,2,0.5,0.5,0.5,1,1,0.25,0,1,1,1,1,4,0.5,2
Cutiefly,bug,fairy,45,0.5,0.5,0,1,1,0.25,2,2,1,0.5,0.5,1,1,2,1,2,2,1
Ribombee,bug,fairy,55,0.5,0.5,0,1,1,0.25,2,2,1,0.5,0.5,1,1,2,1,2,2,1
Rockruff,rock,,65,1,1,1,1,1,2,0.5,0.5,1,2,2,1,0.5,0.5,1,1,2,2
Lycanroc,rock,,115,1,1,1,1,1,2,0.5,0.5,1,2,2,1,0.5,0.5,1,1,2,2
Wishiwashi,water,,140,1,1,1,2,1,1,0.5,1,1,2,1,0.5,1,1,1,1,0.5,0.5
Mareanie,poison,water,53,0.5,1,1,2,0.5,0.5,0.5,1,1,1,2,0.5,1,0.5,2,1,0.5,0.5
Toxapex,poison,water,63,0.5,1,1,2,0.5,0.5,0.5,1,1,1,2,0.5,1,0.5,2,1,0.5,0.5
Mudbray,ground,,100,1,1,1,0,1,1,1,1,1,2,1,2,1,0.5,1,0.5,1,2
Mudsdale,ground,,125,1,1,1,0,1,1,1,1,1,2,1,2,1,0.5,1,0.5,1,2
Dewpider,water,bug,40,1,1,1,2,1,0.5,1,2,1,1,0.5,0.5,1,1,1,2,0.5,0.5
Araquanid,water,bug,70,1,1,1,2,1,0.5,1,2,1,1,0.5,0.5,1,1,1,2,0.5,0.5
Fomantis,grass,,55,2,1,1,0.5,1,1,2,2,1,0.5,0.5,2,1,2,1,1,1,0.5
Lurantis,grass,,105,2,1,1,0.5,1,1,2,2,1,0.5,0.5,2,1,2,1,1,1,0.5
Morelull,grass,fairy,35,1,0.5,0,0.5,1,0.5,2,2,1,0.5,0.5,2,1,4,1,1,2,0.5
Shiinotic,grass,fairy,45,1,0.5,0,0.5,1,0.5,2,2,1,0.5,0.5,2,1,4,1,1,2,0.5
Salandit,poison,fire,44,0.25,1,1,1,0.25,0.5,0.5,1,1,0.25,4,0.5,1,0.5,2,2,0.5,2
Salazzle,poison,fire,64,0.25,1,1,1,0.25,0.5,0.5,1,1,0.25,4,0.5,1,0.5,2,2,0.5,2
Stufful,normal,fighting,75,0.5,0.5,1,1,2,2,1,2,0,1,1,1,1,1,2,0.5,1,1
Bewear,normal,fighting,125,0.5,0.5,1,1,2,2,1,2,0,1,1,1,1,1,2,0.5,1,1
Bounsweet,grass,,30,2,1,1,0.5,1,1,2,2,1,0.5,0.5,2,1,2,1,1,1,0.5
Steenee,grass,,40,2,1,1,0.5,1,1,2,2,1,0.5,0.5,2,1,2,1,1,1,0.5
Tsareena,grass,,120,2,1,1,0.5,1,1,2,2,1,0.5,0.5,2,1,2,1,1,1,0.5
Comfey,fairy,,52,0.5,0.5,0,1,1,0.5,1,1,1,1,1,1,1,2,1,1,2,1
Oranguru,normal,psychic,60,2,2,1,1,1,1,1,1,0,1,1,1,1,1,0.5,1,1,1
Passimian,fighting,,120,0.5,0.5,1,1,2,1,1,2,1,1,1,1,1,1,2,0.5,1,1
Wimpod,bug,water,35,1,1,1,2,1,0.5,1,2,1,1,0.5,0.5,1,1,1,2,0.5,0.5
Golisopod,bug,water,125,1,1,1,2,1,0.5,1,2,1,1,0.5,0.5,1,1,1,2,0.5,0.5
Sandygast,ghost,ground,55,0.5,2,1,0,1,0,1,1,2,2,1,2,0,0.25,1,0.5,1,2
Palossand,ghost,ground,75,0.5,2,1,0,1,0,1,1,2,2,1,2,0,0.25,1,0.5,1,2
Pyukumuku,water,,60,1,1,1,2,1,1,0.5,1,1,2,1,0.5,1,1,1,1,0.5,0.5
Type: Null,normal,,95,1,1,1,1,1,2,1,1,0,1,1,1,1,1,1,1,1,1
Silvally,normal,,95,1,1,1,1,1,2,1,1,0,1,1,1,1,1,1,1,1,1
Minior,rock,flying,100,0.5,1,1,2,1,1,0.5,0.5,1,1,0,2,0.5,0.5,1,2,2,2
Komala,normal,,115,1,1,1,1,1,2,1,1,0,1,1,1,1,1,1,1,1,1
Turtonator,fire,dragon,78,0.5,1,2,0.5,1,1,0.25,1,1,0.25,2,1,1,1,1,2,0.5,1
Togedemaru,electric,steel,98,0.5,1,0.5,0.5,0.5,2,2,0.25,1,0.5,4,0.5,0.5,0,0.5,0.5,0.25,1
Mimikyu,ghost,fairy,90,0.25,1,0,1,1,0,1,1,2,1,1,1,0,1,1,1,2,1
Bruxish,water,psychic,105,2,2,1,2,1,0.5,0.5,1,2,2,1,0.5,1,1,0.5,1,0.5,0.5
Drampa,normal,dragon,60,1,1,2,0.5,2,2,0.5,1,0,0.5,1,2,1,1,1,1,1,0.5
Dhelmise,ghost,grass,131,1,2,1,0.5,1,0,2,2,2,0.5,0.5,2,0,1,1,1,1,0.5
Jangmo-o,dragon,,55,1,1,2,0.5,2,1,0.5,1,1,0.5,1,2,1,1,1,1,1,0.5
Hakamo-o,dragon,fighting,75,0.5,0.5,2,0.5,4,1,0.5,2,1,0.5,1,2,1,1,2,0.5,1,0.5
Kommo-o,dragon,fighting,110,0.5,0.5,2,0.5,4,1,0.5,2,1,0.5,1,2,1,1,2,0.5,1,0.5
Tapu Koko,electric,fairy,115,0.5,0.5,0,0.5,1,0.5,1,0.5,1,1,2,1,1,2,1,1,1,1
Tapu Lele,psychic,fairy,85,1,1,0,1,1,0.25,1,1,2,1,1,1,1,2,0.5,1,2,1
Tapu Bulu,grass,fairy,130,1,0.5,0,0.5,1,0.5,2,2,1,0.5,0.5,2,1,4,1,1,2,0.5
Tapu Fini,water,fairy,75,0.5,0.5,0,2,1,0.5,0.5,1,1,2,1,0.5,1,2,1,1,1,0.5
Cosmog,psychic,,29,2,2,1,1,1,0.5,1,1,2,1,1,1,1,1,0.5,1,1,1
Cosmoem,psychic,,29,2,2,1,1,1,0.5,1,1,2,1,1,1,1,1,0.5,1,1,1
Solgaleo,psychic,steel,137,1,2,0.5,1,0.5,1,2,0.5,2,0.5,2,0.5,0.5,0,0.25,0.5,0.5,1
Lunala,psychic,ghost,113,1,4,1,1,1,0,1,1,4,1,1,1,0,0.5,0.5,1,1,1
Nihilego,rock,poison,53,0.5,1,1,1,0.5,1,0.5,0.5,1,1,4,1,0.5,0.25,2,1,2,2
Buzzwole,bug,fighting,139,0.5,0.5,1,1,2,0.5,2,4,1,0.5,0.5,1,1,1,2,1,1,1
Pheromosa,bug,fighting,137,0.5,0.5,1,1,2,0.5,2,4,1,0.5,0.5,1,1,1,2,1,1,1
Xurkitree,electric,,89,1,1,1,0.5,1,1,1,0.5,1,1,2,1,1,1,1,1,0.5,1
Celesteela,steel,flying,101,0.25,1,0.5,2,0.5,1,2,0.5,1,0.25,0,1,0.5,0,0.5,1,0.5,1
Kartana,grass,steel,181,1,1,0.5,0.5,0.5,2,4,1,1,0.25,1,1,0.5,0,0.5,0.5,0.5,0.5
Guzzlord,dark,dragon,101,2,0.5,2,0.5,4,2,0.5,1,0.5,0.5,1,2,1,1,0,1,1,0.5
Necrozma,psychic,,107,2,2,1,1,1,0.5,1,1,2,1,1,1,1,1,0.5,1,1,1
Magearna,steel,fairy,95,0.25,0.5,0,1,0.5,1,2,0.5,1,0.5,2,0.5,0.5,0,0.5,0.5,1,1
